class_label,img_path,post_text
enchente,dataset\enchente\2013a96b97d617e1d762febe8ad32c0e.jpg,Meu  Deus  imagino como  será  no  forte  do  inverno .
enchente,dataset\enchente\5f21ba387b47fc51e569f3cb914fbd50.jpg,"URUGUAIANA DEBAIXO D’ÁGUA | Chuva extrema em curto período atingiu a cidade de Uruguaiana neste sábado com alagamentos e inundações na área urbana do município do Oeste gaúcho. Ruas viraram rios e a correnteza chegou a deslocar carros. A estação do Instituto Nacional de Meteorologia registrou 68 mm até 16h deste sábado, entretanto está situada fora da área em que mais choveu, onde outras medições apontaram mais de 100 mm em menos de duas horas. O evento de chuva torrencial em Uruguaiana está dentro de esperado e advertido pela MetSul no alerta publicado ontem (ver nesta página do Facebook). Volumes altos de chuva, entre 50 mm e 100 mm, foram observados ainda em pontos de Itaqui e Alegrete.  Estão mantidas as condições favoráveis à chuva forte a intensa em várias regiões gaúchas neste fim de semana e na primeira metade da semana. No restante deste sábado, risco de chuva localmente forte a torrencial e temporais isolados no Centro, Norte e Leste do Rio Grande do Sul, o que inclui a região de Porto Alegre. Amanhã, domingo, ar muito quente infiltrará pelo Noroeste do Estado e organizará uma frente quente sobre o Rio Grande do Sul, o que deve resultar em novos episódios de chuva intensa com acumulados excepcionalmente altos em alguns pontos. O maior risco será para o Centro, parte do Oeste (perto do Uruguai), o Sul e algumas áreas do Leste do Estado. Mantém-se ainda o aviso de temporais isolados com risco de muitos raios, granizo e vento forte. Hoje, rajadas ao redor de 80 km/h foram observadas em Livramento. (Meteorologista Estael Sias com foto da Rádio Charrua)"
enchente,dataset\enchente\43e8003652fc74825ad922f7a6368fd0.jpg,"VÍDEO: A forte chuva que atingiu Canoas nesta quinta-feira (23) causou vários novos pontos de alagamento na cidade. A equipe da TV Pampa foi até o bairro Mathias Velho, que é um dos mais prejudicados pelas inundações. O escoamento insuficiente em algumas áreas deixou ruas alagadas, incluindo locais como a Estrada do Nazário, Avenida Farroupilha com Armando Fajardo, Azambuja Vieira, Rua General Salustiano, Inconfidência, Doutor Barcelos, e diversas ruas do Centro. De acordo com o Escritório de Resiliência Climática e Defesa Civil de Canoas (Eclima), foram registrados 90,9 milímetros (mm) de chuva em 13 horas, entre 3h e 16h.  O #sosriograndedosul recebe doações a fim de oferecer apoio humanitário às vítimas das enchentes. AJUDE  PIX (CNPJ): 92.958.800/0001-38 Instituição: Banrisul"
enchente,dataset\enchente\f0955e19507bafec8848a4881d820e05.jpg,"Meio rio, meio lago... Um dos locais mais afetados pelas inundações em Porto Alegre foram as ilhas do delta do Jacuí, como por exemplo a Ilha da Pintada. Após a baixa das águas, se observou uma enorme quantidade de areia nas ruas da ilha (foto de cima, fonte: GZH). Ora, é o que se espera de um meio de um rio! Na calha do rio e especialmente na região do delta, é onde os sedimentos arenosos vão se depositar, pois ali teve uma corrente forte o suficiente para os trazer. Nas suas margens mais distantes e na planície de inundação, vão ficar só os sedimentos bem finos, como a argila que vemos no centro da capital. Sempre teve e tem discussão por estas bandas se o Guaíba é um rio ou lago, e os argumentos não faltam para ambos os lados, com a hipótese do lago estando mais forte ultimamente. Mas olhando pelo mapa e por este recente episódio deposicional, parece que o ""domínio"" do Jacuí vai mais até sul do que se imagina. A inundação que atingiu o centro, parece ter vindo do fluvial, enquanto que o lacustre realmente começa um pouco mais abaixo, de Ipanema para sul. A transição de rio para lago parece ser bem abrupta devido as características peculiares do gráben do Guaíba, configurando um sistema híbrido que confunde os portoalegrenses há tempos! Notícia: https://gauchazh.clicrbs.com.br/.../dunas-de-areia-carros..."
enchente,dataset\enchente\4dcc39e327b6f9475503d12347940eb4.jpg,"Ondas altas, com até 4 metros, causadas por um ciclone, estão impactando o litoral do Rio Grande do Sul, provocando uma forte ressaca. O fenômeno já gerou inundações em várias cidades, como Imbé e Tramandaí, onde a água invadiu ruas e calçadões. A Marinha do Brasil emitiu avisos sobre os riscos, indicando que a situação pode continuar até a manhã de segunda-feira. Em Capão da Canoa, a prefeitura delimitou áreas perigosas devido à intensidade das ondas."
enchente,dataset\enchente\84a0c2ad5ffa1c450c68bbfff6adead0.jpg,O sol brilhou e eu sai pelas ruas da cidade a primeira vez depois das inundações. A gente tenta ser forte e olhar para o amanhã imaginando Porto Alegre reconstruída. ...ah mas não tem jeito... dá uma tristeza
enchente,dataset\enchente\a017d6e848729110b3cf5f5420662021.jpg,Algumas pessoas não irão esperar pela chuva forte e pretendem deixar suas casas enquanto houver risco de novas inundações
enchente,dataset\enchente\783b57766b9ffbd6fc9620fc42e52244.jpg,"Via  Porto Alegre 24 Horas  Um vídeo registrado por volta das 22h20 deste domingo mostra pontos de alagamento na Estação Rodoviária de Porto Alegre. As ruas do entorno também foram tomadas pela água, resultado da forte chuva que atingiu a cidade. Enquanto isso a prefeitura de Porto Alegre permanece com a administração negligente do Melo e cheia de casos de corrupção! #ForaMelo"
enchente,dataset\enchente\ab35ab2be3fa09b68d8fdef599b88743.jpg,"Um forte temporal atingiu Tapejara, no Rio Grande do Sul, nesta segunda-feira, causando transtornos significativos. Ventos fortes, chuva intensa e granizo danificaram diversas áreas, derrubando árvores, destelhando casas e alagando ruas, o que dificultou o tráfego.  A falta de energia afetou vários bairros, e equipes trabalham para restabelecer o serviço. A Defesa Civil monitora a situação e orienta a população a evitar sair de casa devido ao risco de quedas de árvores e alagamentos.  Não há registros de feridos, mas há alerta para novos temporais nas próximas horas.  @sapucaianoticias_e_regiao"
enchente,dataset\enchente\259508ce716b8f74197197eee99d9783.jpg,"#CiclonenoRS #PortoAlegre alagada. Estamos em alerta vermelho para chuva e vento forte informa o Inmet.  A forte chuva que atingiu Porto Alegre desde a tarde dessa terça e prossegue na manhã desta quarta-feira gerou bloqueios em ruas e avenidas da cidade. Alguns deles foram motivados por quedas de árvores e outros por postes que caíram e fios de alta tensão que estão nas vias. Segundo informações da Empresa Pública de Transporte e Circulação (EPTC), há também semáforos fora de operação e alguns locais com acúmulo de água. (Fonte:  Correio do Povo ) Sofia Cavedon  #ChuvaNoRS"
enchente,dataset\enchente\0f4dbdacfda725cbe2b8ec4c405c7616.jpg,"Informação GZH, pedido do prefeito Melo. O que dizer? Taxistas, Motoristas de ônibus (cobradores, ele está extinguindo), professores, advogados, jornalistas, floristas, pessoal da saúde, garis, população de Porto Alegre, certeza que Alegre não é mais. Retardem seus compromissos. Quem tem que bater ponto, cuidar da saúde e transportar o povo que resiste em morar aqui, entre tantos. Não se arrisquem a sair de casa. Toda chuva é essa angústia e a mesma falácia.  Não se mora mais na capital gaúcha. Nós somos reféns de uma falta de estrutura. Sem Luz, Sem água, sem capina e sem muitas das coisas que crescemos acreditando fazer parte do que se caracteriza como conceitos de dignidade e de cidadania. Cultura, Educação, Saúde, Água, Luz, esgoto, contenção de enchente, muito básico e se paga imposto prá isso. Peço prá oposição (na França apesar de muitas críticas se fez isso).  Se unam todos, independentes de distribuição de cargos (ahh tem isso sim) e rusgas de belezas.  Nunca mais deixem a população refém de uma administração que governa com uma cartilha que nos impede de sair e de voltar prá casa (quem ainda tem casa em POA). Ou ter a vergonha de ouvir em rede nacional, - acho que era melhor vocês irem para praia nesse momento (ao vivo no JN da Globo  com apresentação de Willian Bonner em maio de 2024 durante a calamidade da enchente).  Ir para praia à nado? Porto Alegre ficou sem rota de saída. Tá de brincadeira?  Estadual (tem eleições em 2026), Federal(tem eleições em 2026) e municipal (daqui a 4 anos).  Não rifem candidaturas!!! A população não merece isso!!!"
enchente,dataset\enchente\2939a3a08b89b0b3b1d00b7b22e1e777.jpg,"Porto Alegre vive um colapso nunca visto.   Na tarde desta segunda (7), a enchente avançou para o Bairro Menino Deus e Cidade Baixa, local boêmio da cidade. Ambos bairros centrais com muitos prédios de moradia.   O Prefeito de Porto Alegre, Sebastião Melo, em comunicados confusos que necessitaram de retratação, indicou uma evacuação imediata das duas localidades.  Com a água tomando as ruas, resgates começaram a acontecer enquanto o trânsito se tornou um caos. Com pessoas tentando fugir, com malas e pets, enquanto socorristas tentavam chegar. Buzina e sirenes para todo lado. Congestionamentos.  São milhares de pessoas deslocadas de suas casas de forma emergencial nos últimos dias.  No amanhecer de hoje, a água segue avançando nos dois bairros e diversas pessoas acompanham das suas janelas a enchente chegar na porta do seu prédio.  A água pode não invadir o seu andar, mas moradores ainda não estão se dando conta que em breve precisarão de socorro. A região está sem abastecimento de água e de luz, assim como diversos outras regiões da cidade. As previsões variam de quando a enchente retrocederá. Não há previsão sobre quando os serviços serão restabelecidos.   Alass Derivas | @derivajornalismo  11h13 7 de maio de 2024  Porto Alegre"
enchente,dataset\enchente\2f4bf139724c7243e41fd133c2899f92.jpg,AGORA | Três Coroas sob enchente significativa do Rio Paranhana. Inundação chega a cobrir os automóveis nas ruas.  DATA: 16/06/2024
enchente,dataset\enchente\13ebf010c91b7183900d85b7984c094f.jpg,"83 anos depois da enchente de 1941: tudo se repete. Olha que curioso, no dia 02 de maio de 1941 as águas começaram a subir de forma ameaçadora e em 8 de maio alcançaram 4,76 metros. Hoje, 05 de maio de 2024 as águas alcançam assustadora marca de 5,29 metros em Porto Alegre. Moramos no centro histórico e o cenário é de guerra, calamidade absoluta.  O caos instalado. O piso borbulha sem ter boeiro O sentimento nas ruas é impressionante. Essas fotos e vídeos foram de ontem, hoje está pior. Neste domingo fez sol. Amanhã fará sol. Quarta chove. A vida é perecível demais. O que o ser humano fez com a natureza é o caos que estamos vivendo. Triste demais. Não deixar os animais para trás! Sigamos com fé de que nos reegueremos. Se cuidem!"
enchente,dataset\enchente\fb94aa573bc947474644a47cde61d896.jpg,Resquícios do nosso centro após enchente de 2024 Precisou vir bombas de sucção poderosas de são Paulo pra poder tirar a água das.ruas...—  me siento esperanzado en  Centro Histórico de Porto Alegre .
enchente,dataset\enchente\dea1189f36ba7a09e8f86d1d3b985ace.jpg,"TRAGÉDIA EM CANOAS | Após água baixar, cenário de destruição toma conta de rua. CLIQUE NO LINK E SAIBA MAIS: https://agenciagbc.com/.../enchente-em-canoas-apos-agua.../ #reels #enchente #riograndedosul"
enchente,dataset\enchente\b17e34b5ccb1d58ce21272392119e930.jpg,"Quer saber como ficou o bairro Cidade Baixa com as chuvas do RS? Acompanhe a reportagem de @belomauro  Após a enchente que atingiu o Rio Grande do Sul, o bairro mais boêmio de Porto Alegre, Cidade Baixa, ficou com muitas ruas alagadas. Veja como está a situação nesta segunda-feira, dia 13 de maio de 2024, quando o nível do Guaíba deve passar de 5,5m."
enchente,dataset\enchente\0edd8fbf9622aab898572b65dfc3ccb6.jpg,"O BEBÊ É NOSSO SOL Fabrício Carpinejar  É proibido rir no Rio Grande do Sul, devido ao pesar pela meia centena de mortes até então e pelas dezenas de desaparecidos.  Mas eu tenho um distúrbio. E muitos são como eu. Em situações de extremo nervosismo, começo a rir. As lágrimas já não fazem efeito, tal remédio que se mostra fraco pelo uso constante.  Eu choro pelo riso. Choro borbotões pelo riso.  Não é deboche, mas angústia, atrapalhação, sinal de esgotamento, não saber mais o que fazer, não saber mais como me comportar, não saber mais o que dizer, ficar absolutamente sem graça diante de incomensurável tristeza pela maior catástrofe natural da história gaúcha. O riso despista o que estou sentindo, é totalmente incoerente com as emoções mais profundas de raiva e revolta. Não se fie pela aparência, nem sempre significa felicidade: é o mal-estar da ansiedade. É uma luta, uma fuga, um modo de eu mesmo me consolar. Talvez esteja procurando inibir a produção de hormônios de estresse, mas não é um riso bom. É um riso que dói, um riso que tenta nos imaginar num futuro melhor, já refeitos e reconstruídos, lembrando-nos dessa enchente como um passado distante.  Assim como meu riso, Porto Alegre não está bonita com as ruas alagadas, não virou uma Veneza pela invasão das águas. É só desamparo, abandono, solidão. Os botes que circulam pelo Mercado Público não são gôndolas românticas, é nossa gente acudindo nossa gente.  O Guaíba ultrapassou inacreditáveis cinco metros (a marca histórica de 1941 era de 4,76m), e não para de crescer. Rezamos para que não ultrapasse os seis metros do Muro da Mauá.  Nunca olhamos tanto para o horizonte em busca de um sol. Que seja minúsculo, que seja do tamanho de uma bola de futebol, de um pião, de um alfinete. Qualquer luz que rivalize com essa chuva contínua, insistente, perversa.  Desejamos aquele raio solar, antes tão habitual, agora com status de cometa, de eclipse, fenômenos raros e extraordinários.  Ele não vem, mas em seu lugar, no céu, há milagres acontecendo: há um bebê voando, uma criança de dois aninhos salva pelo Exército de um telhado, em Bom Retiro do Sul.  Resgatada corajosamente pelo segundo sargento Andrwis Victor Nunes, que é pai de uma menina da mesma idade, ela não está assustada com as alturas, parece rir com os olhos ao sobrevoar sua cidade no Vale do Taquari, de helicóptero.  Ela paira acima dos problemas, da cheia, do caos, do desespero, ao encontro do colo de sua família finalmente segura. O bebê é o nosso sol, o nosso futuro, a nossa esperança. Minha coluna no jornal Zero Hora,  GZH , última página, Porto Alegre (RS), 4/5/2024: https://gauchazh.clicrbs.com.br/.../o-bebe-e-o-nosso-sol..."
enchente,dataset\enchente\906598bbe9fbd00ddecca906d6a5c6fb.jpg,"A cidade de Canoas (r/s  20 km de Porto Alegre) vive um cenário de caos neste sábado ,(04 -2024) com inundações em toda a parte oeste da cidade ,famílias  aguardando resgate  nos telhados de suas casas, nas ruas , hospitais totalmente inundados e uma estimativa de  cerca de 150 mil atingidos pelas chuvas dos últimos dias. A situação é caótica"
enchente,dataset\enchente\c85bd6374066e4c3109a374259b29939.jpg,"PORTO ALEGRE, UMA ZONA DE GUERRA  A MetSul Meteorologia conta a história do dia 4 de maio de 2024 em Porto Alegre com depoimentos e imagens do que testemunhou nas ruas  Por: Metsul Meteorologia  Fogo e fumaça em meio às inundações após explosão em posto de combustível na Avenida Cairu que deixou duas pessoas feridas durante os resgates no Quarto Distrito | CARLOS FABAL/AFP/METSUL METEOROLOGIA  Não havia bombas ou mísseis atingindo as cidades, mas o que se testemunhou neste sábado em Porto Alegre e outras cidades da região metropolitana lembrou cenas de uma zona de guerra, no que muito possivelmente tenha sido o dia mais dramático já vivido pela Grande Porto Alegre. O Guaíba não parou de subir ao longo do dia e pela primeira vez na história ultrapassou a marca de 5 metros. No começo da noite de sábado, de acordo com informações da Defesa Civil do Rio Grande do Sul, o nível era de 5,27 metros.  Praticamente todas as cidades da Grande Porto Alegre estavam convulsionadas com inundações catastróficas, moradores apelando por resgates nos telhados de suas casas, pessoas buscando refúgio em viadutos e outros locais elevados, um ritmo frenético de embarcações realizando resgates e os voos constantes de helicópteros cruzando o céu da capital gaúcha.  Nas ruas e avenidas da cidade, o tráfego de veículos de emergência era constante. A todos momento podiam ser vistas viaturas da EPTC, Brigada Militar, Guarda Municipal e Corpo de Bombeiros. Somavam-se aos esforços integrantes da Polícia Civil e até da Polícia Federal, além de militares do Exército, Marinha e Aeronáutica.  A população está em choque com a magnitude da catástrofe que prossegue e tende a continuar por dias. Por onde se anda, o assunto são as enchentes.  À medida que cresce o tamanho do desastre, cresce a corrente de solidariedade com centenas de iniciativas da sociedade para acolher desabrigados e oferecer ajuda. Clubes sociais e igrejas abriram suas portas para acolher os desabrigados.  Em Porto Alegre, as águas tomaram as partes baixas do Centro Histórico. Ruas, onde em um sábado normal haveria carros e um formigueiro humano de pessoas nas lojas e no Mercado Público, hoje estavam desertas com água por todos os lados.  Repetindo as cenas de 1941, barcos eram vistos navegando na Avenida Borges de Medeiros entre o Paço Municipal e o Mercado. Barcos em plena Avenida Borges de Medeiros | FERNANDO OLIVEIRA  Porto Alegre está cercada pelas águas. A única forma de entrar e sair da cidade é pela zona Leste, na RS-040, que leva ao Litoral Norte. Todos os demais pontos que ligam a cidade ao restante do estado, Brasil e países vizinhos, como a BR-290 e BR-116, estavam fechados devido à enchente. Nem pelo ar é possível chegar ou sair de Porto Alegre pela aviação comercial.  Com as atividades suspensas por tempo indeterminado desde a sexta-feira, o agravamento da enchente acabou por inundar grande parte do perímetro do Aeroporto Internacional Salgado Filho, Imagens aéreas mostravam as águas do Guaíba cobrindo a pista e os gramados ao redor.  Acesso ao Aeroporto completamente alagado | JONATHAS COSTA/CORREIO DO POVO  Inundação do Guaíba atingiu a pista do Aeroporto de Porto Alegre | REPRODUÇÃO  Pátio do Aeroporto Salgado Filho não escapou da enchente | JONATHAS COSTA/CORREIO DO POVO  Com o aumento do nível do Guaíba, o número de áreas inundadas aumentou durante o sábado. Onde o Guaíba já havia chegado na sexta, a inundação tomou proporção ainda maior. Bairros do Sul da capital, Menino Deus, Praia de Belas, Centro Histórico, Quarto Distrito e Sarandi estavam com muitos pontos alados e vários com setores de inundação severa em que era possível transitar apenas usando embarcações.  Guaíba inunda a Avenida São Pedro | ALEXANDRE AGUIAR/METSUL METEOROLOGIA  Avenida Ceará ficou tomada pelo Guaíba da entrada da cidade até a Avenida São Pedro com altura de um metro de água em alguns trechos | GIULAN SERAFIM/PMPA  Júlio de Castilhos inundada pelo Guaíba no Centro | JULIO FERREIRA/PMPA  Áreas entre a Voluntários da Pátria e Júlio de Castilhos passaram a ser ocupadas por barcos em meio à grande enchente do Guaíba | JULIO FERREIRA/PMPA  Guaíba na Avenida Farrapos | CARLOS FABAL/AFP/METSUL METEOROLOGIA  Guaíba tomou o bairro Navegantes | CARLOS FABAL/AFP/METSUL METEOROLOGIA  Gramado da Arena do Grêmio inundado com o Guaíba | REPRODUÇÃO  Souza Reis, que leva ao aeroporto, tomada pelo Guaíba | RICHARD DUCKER  Em diferentes pontos, as cenas pelas ruas da cidade. Bairro inteiros tiveram que ser evacuados com os moradores percorrer as águas por longas distâncias. No Humaitá, o relato dos moradores é que, em determinados pontos da zona Norte, a água do Guaíba chega a atingir a altura do peito de um adulto. Imagens aéreas mostram shopping Praia de Belas ilhado. O colapso da capital levou à evacuação de parte do Hospital Mãe de Deus, cercado pelas águas no bairro Menino Deus. Veículos do Exército resgaram pacientes e funcionários do hospital. Os apelos se sucediam sobre a população somente buscar atendimento em casos de gravidade, uma vez que os serviços de saúde estavam sobrecarregados com feridos e pessoas sofrendo de hipotermia depois de serem resgatadas. Transporte de oxigênio via helicóptero foi feito para os hospitais Vila Nova e Restinga, no Sul. São Lucas e Criança Conceição também demandaram o insumo.  RITMO FRENÉTICO DE RESGATES  Em vários bairros de Porto Alegre, o sábado foi marcado por um ritmo frenético de resgates. A MetSul Meteorologia estava nas ruas para registrar os esforços para salvar vidas e testemunhou na zona Norte momentos dramáticos de famílias inteiras deixando suas casas com água até a cintura e sendo resgatadas com botes, jipes e barcos. Moradores resgatados na Avenida Cairu. Embora a presença de um grande contingente de forças públicas, especialmente de bombeiros e da Brigada Militar, a maioria dos resgates era conduzido por voluntários. Grande número de jipeiros a todo momento iam e voltavam pelas avenidas Cairu e Brasil, trazendo moradores.  No mesmo local, no viaduto José Eduardo Utzig, pessoas não paravam de chegar pela Rua Pereira Franco, completamente inundada. A pé, com meio metro de água, ou com ajuda de barcos, a todo momento famílias inteiras alcançavam o viaduto carregando uma mochila nas costas ou uma mala sobre as cabeças. Moradores da zona Norte caminharam quilômetros em busca de segurança do avanço das águas. Eram moradores de vários bairros da zona Norte que foram tomados pelo Guaíba, como Navegantes, Humaitá, Vila Farrapos e São João que caminharam quilômetros nas águas sujas da enchente até alcançar terra firme. O viaduto de acesso à Terceira Perimetral se transformou em um abrigo a céu aberto. Famílias improvisaram tendas para permanecer em terreno alto. Havia muitas crianças e animais domésticos, trazidos pelos moradores da zona Norte que tiveram de deixar as suas casas.  EXPLOSÃO E FOGO EM MEIO AOS RESGATES  Os resgates ocorriam na Avenida Cairu quando de repente houve uma explosão seguida de incêndio em um posto de combustíveis. Estávamos a poucas dezenas de metros do posto, na Avenida Brasil, filmando e transmitindo pelas nossas redes sociais da MetSul os resgates, quando se ouviu um estouro e uma grande quantidade de fumaça preta começou a se levantar no céu. Os momentos que se seguiram foram de caos e pânico.  Os resgates que ocorriam na Avenida Cairu com aparelhos de jet ski, veículos anfíbios e jipes tiveram que ser interrompidos. Aos gritos, policiais e bombeiros apelavam para os curiosos se afastassem ante o risco de novas explosões. Em um momento dramático, dois homens que estavam no posto foram resgatados com queimaduras pelo corpo. Dois homens feridos no incêndio e com queimaduras pelo corpo são resgatados por policias e voluntários que minutos antes resgatavam as vítimas da enchente. De acordo com o Corpo de Bombeiros, a explosão teria ocorrido em um gerador de energia. O posto estava inundado. Os feridos foram levados para o Hospital de Pronto Socorro e Hospital Cristo Redentor e estavam em estado grave. Conceição relata que a vítima do incêndio levada para o Cristo Redentor está internada na Unidade de terapia intensiva (UTI).  ÁGUAS VENCEM DIQUE NA ZONA NORTE  O Dique do Sarandi, que rompeu em 2013, é um dos pontos mais críticos da cidade. A população das comunidades da Asa Branca, Minuano, Vila Elizabeth e Nova Brasília foram orientadas a deixar suas casas. Apesar do esforço de contenção, a água começou a extravasar sobre o dique, o que fez com que as águas invadissem a Avenida Assis Brasil e agravasse ainda mais a inundação na zona Norte da capital. Moradores atingidos pela enchente na zona Norte de Porto Alegre, na área do Sarandi, estão sendo resgatados com apoio do Exército e do Corpo de Bombeiros.  SEM LUZ E SEM ÁGUA  Vários bairros de Porto Alegre estão sem energia elétrica porque a luz foi cortada por razões de segurança em consequência das inundações. Além disso, grande parte da capital enfrenta falta de água. A prefeitura apelou à população que racione água. Com a elevação no nível do Guaíba a mais de cinco metros, quatro das seis estações de tratamento do Departamento Municipal de Água e Esgotos (Dmae) estão inoperantes.  ABRIGOS EM VÁRIOS PONTOS E SEGURANÇA CONTRA SAQUES  A Prefeitura de Porto Alegre, com auxílio de parceiros, trabalha para abrir novas vagas em abrigos provisórios e atender as pessoas atingidas pela enchente. O número de locais em operação passou de oito, pela manhã, para quinze, no início da noite deste sábado, 4.  A Secretaria Municipal de Segurança disponibilizou barcos à Guarda Municipal para que a corporação retomasse os patrulhamentos preventivos no Centro Histórico. O objetivo é evitar furtos e roubos, em especial aos estabelecimentos comerciais fechados pelo alagamento. A mobilização visa, também, a proteção dos prédios públicos localizados no bairro. As rondas da Guarda Municipal acontecem de forma integrada com as demais forças de segurança, como Brigada Militar e Polícia Civil. Os agentes da corporação atuam, ainda, no resgate aos moradores da área.  #riograndenoticiasatuais  #elderfilhocosta  #news  #jornalismo  #Noticias  #jornal  #chuvas #RS"
enchente,dataset\enchente\c2d19c583c0c2f6b1f22c070179e587a.jpg,Chuvas na Espanha matam dezenas Chuva que costuma cair em um ano atingiu em poucas horas cidades do Sudeste da Espanha. Ao menos 62 pessoas morreram nas inundações provocadas pelas chuvas torrenciais na região de Valência. As chuvas históricas provocaram imagens impactantes de torrentes de água e uma enchente catastrófica devastando ruas e arrastando automóveis.
enchente,dataset\enchente\c52737bfd864081ad0ac2c5514796684.jpg,"DESASTRE | Rua em Alfafar, região de Valência, na Espanha. Correnteza da inundação catastrófica arrastou e empilhou milhares de carros em cidades da região. Há mais de 60 mortos. Saiba mais em https://metsul.com/2024-10-30-chuva-valencia-espanha-dana/.   Redes sociais"
enchente,dataset\enchente\8eb694c99c83414be767326476b57b57.jpg,"ENCHENTE: Atingidos terão isenção nos impostos Projeto de lei vai ser votado hoje na Câmara e concede isenção de IPTU e Taxa de Coleta de Lixo para imóveis afetados pelas inundações de maio de  2024 A Prefeitura de Cachoeirinha, por meio da Câmara Municipal, apresenta na sessão desta noite, 11,  o Projeto de Lei Nº 5022, que concede isenção dos impostos referente ao Imposto Predial e Territorial Urbano (IPTU) e à Taxa de Coleta de Lixo (TCL) para os imóveis localizados nas áreas afetadas pelas inundações de 2024. A medida abrange os encargos do exercício de 2025 e irá beneficiar imóveis localizados em 101 ruas das áreas atingidas pelas enchentes. Conforme o Prefeito Cristian, o objetivo da lei é oferecer alívio financeiro às famílias e proprietários de imóveis afetados, minimizando o prejuízo causado pela calamidade, auxiliando na recuperação das áreas atingidas. “A isenção é automática, ou seja, os cidadãos não precisam fazer nenhum requerimento”, explicou o prefeito. Para os imóveis que já tiverem quitado parcial ou integralmente o valor do tributo referente a 2025, será gerado um crédito, que poderá ser utilizado para quitar eventuais dívidas ativas existentes e será compensado com os tributos de 2026. Conforme a Secretaria da Fazenda (SMF), nos casos em que o imóvel não constar no relatório da Defesa Civil, o proprietário poderá solicitar uma análise específica. Para isso, será necessário apresentar um requerimento, que será avaliado pela Defesa Civil e pela SMF. “A medida também reflete o compromisso da administração municipal com a reestruturação da cidade, promovendo um suporte direto àqueles que mais necessitam e contribuindo para a recuperação das áreas afetadas”, finaliza o prefeito."
enchente,dataset\enchente\2085f7978d52b94354aa26de3fba80e4.jpg,"Previsão do tempo para outono  Como menciono desde o ano passado, a possibilidade de ciclones extra tropicais de grande intensidade, granizo e tornados, (ventos fortes) , vem se concretizando. Não imagino enchente, inundações naquela proporção, mas alagamentos nas ruas mais baixas como vimos na enchente de 2023 e 2024, essas teremos, pois o sistema de drenagens está obstruído (tubulações entupidas). Se não fizerem um mutirão de manutenção e limpeza das tubulações de fora a fora, não apenas bueiros, é certo que vai dá merda ! Basta chuva de 40 a 50 mm em poucas horas para o centro colapsar, e olha que para outono e inverno esses números não são nada longe da realidade, pode até ultrapassar e o dobro ! Tô só aguardando os vídeos   de ruas com água nas portas das casas."
enchente,dataset\enchente\96a78637be3ac75f9a666573dfbf3eb8.jpg,"Atualização, 6/5: o sistema antienchente não está dando conta do volume de água, sem contar que o Guaíba chegou a 5,3m e o muro da Mauá tem 6m. Lembro de, na adolescência, ser uma das tantas pessoas favoráveis a se derrubar o muro da Mauá, em Porto Alegre, para que se pudesse ver o rio. O muro foi criado para conter inundações, tendo como parâmetro a terrível enchente de 1941, e ficou pronto em 1974. Nos 28 anos que morei na minha cidade natal, nunca houve uma enchente que justificasse o fechamento das comportas. Nos últimos anos, com as mudanças climáticas, tem sido recorrente o fechamento. (Agradeço a quem, desde sempre, garantiu a permanência do muro.) Hoje, é ele que está contendo o rio Guaíba, que já atingiu 4,2 metros - meio metro a menos que o registrado na terrível enchente de 1941 e o nível mais alto computado desde então. E, mesmo assim, a água está refluindo pela rede pluvial e inundando algumas ruas do centro. Meus pais, minha irmã, minha sogra, meu cunhado, meus tios e vários amigos moram em Porto Alegre e região. Força! Que a chuva que está prevista para hoje à tarde não piore ainda mais a situação. (Lembrando que o Estado foi avisado avisado 5 dias antes que haveria chuva intensa na região e o inepto do governador não fez nada.)"
enchente,dataset\enchente\227ab4c65b147a1058a90d2e226b7186.jpg,"Hoje o Bastidores do Poder é apresentado direto das ruas atingidas pelas enchentes das últimas horas na Grande São Paulo. O Pedro Campos gravou esse vídeo na Rua Anny, na região do Sacomã, na cidade de São Paulo. Ele está junto com a Thays Freitas conversando com os moradores atingidos pela água. O corpo de Bombeiros registrou mais de 700 chamados de enchentes até agora."
enchente,dataset\enchente\03e317a59611332b207e146c96f71a40.jpg,"#TBTCultura A família Ritucci e a vida cotidiana na primeira metade do século passado.   Nas primeiras décadas do século XX, o  território do atual município de São Bernardo do Campo era quase que completamente ocupado por matas e propriedades rurais. Sua  área urbanizada  era praticamente  restrita à Rua Marechal Deodoro, a qual, por sua vez, só possuía uma ocupação densa no trecho localizado entre a atual Av. Prestes Maia e a Rua Municipal. Com uma população inferior a 5 mil habitantes (1), composta, sobretudo, de imigrantes italianos e seus descendentes, geralmente com pouca educação formal e poucos recursos materiais, esta pequena área central era palco de uma vida cotidiana muito distinta da que encontramos atualmente no mesmo local, transformado pelo extraordinário crescimento demográfico, por novas realidades econômicas e por uma infinidade de tecnologias antes inexistentes. A documentação  produzida pelo poder público permite aos historiadores uma visão geral das estruturas sociais mais pronunciadas então existentes, mas passa longe de oferecer um quadro dos detalhes das práticas de vida e das mentalidades daquela comunidade, as quais, com muita freqüência, só encontram registros na memória de seus integrantes. Por isso são tão preciosos testemunhos como aquele deixado  por  Virgínia Corazza Ritucci, que foi gravado em 1990, pelo antigo Serviço de Documentação da História Local, - atual Centro de Memória de São Bernardo do Campo.   Nascida em Treviso, na Itália, Virgínia conta em seu depoimento que chegou ao Brasil em 1894,  aos 8 meses de idade, com o pai – Giovanni Corazza, a mãe – Giudeta Del Corso, e dois irmãos - Carlos e Frederico. Giovanni era irmão do comerciante italiano Antônio Corazza, que já  estava   estabelecido em São Bernardo desde 1886 (2), e cujos filhos estariam entre os pioneiros da indústria moveleira local na década de 1920. Segundo a depoente, a viagem de bebês com menos de um ano era proibida e por isso, não foi registrada com sua idade real nos documentos relativos à  viagem. No decorrer da vida, Giudetta acalentou o desejo de um dia retornar à Itália – onde a família ainda possuía um terreno, mas seu pai temia as guerras e os transtornos políticos no qual o país se envolveu. Sua  família se estabeleceu inicialmente com um moinho de fubá na antiga região da Ponte Alta –hoje Ferrazópolis - e mais tarde se mudou para o Centro (3).    Virginia se recorda de uma Rua Marechal Deodoro sem energia elétrica, onde um dos  poucos funcionários da prefeitura era encarregado de apagar os lampiões dos postes às 21 horas: “Demorou para por a luz. Antes era tudo lampião. Quando era nove horas um homem vinha para apagar.E nas casas era lampiãozinho”(4). São memórias da década de 1900, pouco antes da instalação da primeira rede de energia elétrica pela empresa canadense São Paulo Light, Power & Tramway (5).  Poucos testemunhos chegaram até nós sobre a presença de ex-escravos no município e sua relação com o retante da população. Um deles veio de Virgínia,  e diz  respeito à década de 1910, quando o  casal Adão e “Nhá Eva”, vivia pelas redondezas: “Nhá Eva e Adão buscavam chá atrás da igreja para comer e vender. Eu lavei a roupa dela, quando ela ficou doente. Era gorda. Ninguém queria lavar a roupa dela (...). Eu peguei, tinha uma tina com sabão e pus lá (...). Depois ela ficou boa e foi morar em Santo André. O marido dela chamou  médico. Era uma  preta santa. Eu tinha 19 ou vinte anos.(...). O meu pai brigou comigo porque lavei (...) ninguém queria, tinham medo da Nhá Eva”(6) .  Circundada por um meio rústico e sem comodidades domésticas, a população da época vivia mais próxima das manifestações da natureza e à elas se adaptava.  O Rio dos Couros,  por cima do qual hoje passa a Avenida Faria Lima, ficava a metros dos quintais dos moradores:  “Todo mundo lavava roupa na beira do rio (...). Tinha o lavador. Cada um tinha o seu. Ficava lá. Tinha que por bem alto, porque se não, quando vinha enchente,  a água levava embora (...).As  pessoas pescavam no rio, pegavam traíra, camarão .,.”(7).      Em 1915,  Virginia  se casou com André Ritucci, filho do comerciante italiano Caetano Ritucci, que desde 1904 possuía uma venda ( 8 )  em um casarão alugado, defronte ao Largo da Matriz, onde hoje está o Banco Santander. Neste mesmo ano, Caetano adquiriu de Angelo Miele o imóvel da esquina oposta, onde hoje está o nº 1087 da Rua Marechal Deodoro (9) . Neste local, a família manteve por cerca de vinte anos, um dos principais armazéns de secos e molhados da cidade (10). Ali   eram vendidos  desde bebidas e alimentos sólidos – que correspondiam os ditos “molhados” - até louças, ferragens, ferramentas e outros utensílios domésticos  – os “secos”. Como era comum acontecer entre os comerciantes da rua nesta época, parte da família de Ritucci, incluindo André e Virgínia, residiam e trabalhavam no mesmo espaço, em cômodos anexos.    Virgínia dizia que“ a vida era apertada”:“Eu fazia pão, fornada de pão e engarrafava vinho ( para venda no armazém). Teci muito assento de cadeira de noite para por minha filha no Colégio S. José. Fazia a janta, arrumava a cozinha, deitava as pequenas e fazia assentos até meia noite (...) para o Pelosini (fábrica de móveis próxima). Todo mundo empalhava. Enchia a sala... ficavam sete, oito (trabalhando). Eu fazia dois assentos por noite (...)”(11).   Quanto à alimentação, a Sra. Ritucci Corazza relatou que incluía  ovos, carne de frango  e que“ carne da vaca nós comíamos só no domingo (...). Lá na Ponte Alta, nós tínhamos  cabras e um bode. Tomávamos leite de cabra com polenta. E pão... mas quando acabava era só polenta. Vinho tomava quando tinha (...).  Era  polenta, radiche e um fiapinho de queijo, quando estávamos um pouco ruim na vida e não tinha serviço nem para  o meu pai e nem para os meus irmãos” (12).    As filhas mais novas de Virgínia, as gêmeas Assunta e Conceição, nascidas em 1925, participaram da tomada do  depoimento. Um delas lembrou da época em que todas as ruas da cidade eram de terra, com exceção da Rua Marechal Deodoro, que  recebeu  seu primeiro calçamento em 1933, sendo seguida pela Santa Filomena:“Eu me lembro que quando eu me casei e vim morar aqui na Santa Filomena, a rua  ainda era  de terra, em 1945. Não tinha calçada, nada. O esgoto corria na rua. Água e esgoto só na Marechal. As casas tinham poços”. Segundo Virginia,  na Rua Marechal Deodoro “passavam muitas carroças vendendo   carvão e lenha”(13). Provavelmente ela se refere às décadas de 1900 e 1910, antes da inauguração da Rodovia Caminho Mar, que incluía a rua como um de seus trechos e nela  instaurou o tráfego de automóveis. Nesta época a produção de carvão e lenha para venda em São Paulo era uma das principais atividades econômicas dos moradores da zona rural.       A forte presença italiana na região centro também foi recordada:“Todo mundo falava italiano (...)  brasileiro tinha muito pouca gente, quase tudo italiano (...).  Tinha o Chico Caridade.Ele fazia corridas de cavalo lá no Cemitério.Era um homem rico.”(14). Aqui Virgínia se refere à Francisco Antônio de Oliveira Caridade, um brasileiro que tinha propriedade no final da Rua Marechal Deodoro entre 1900 e 1923 (15). O cemitério em cujas proximidade ocorriam corridas de cavalo era o atual Cemitério Municipal, na Vila Euclides.    Assim como a maior parte da população, Virgínia tinha uma forte relação com a religião católica: “Eu cantava  na Igreja, no coral, junto com Hermínia Miele, Pedro Miele,  Chico Miele, Atílio Miele (...). O médico ia me operar da úlcera (...). Eu disse que Nossa Senhora da Penha há de me ajudar em todos os pontos. Fiz muito jejum. Fiquei seca como um bacalhau, Disse que não ia operar de jeito nenhum. Fiz uma promessa para nossa Senhora da Penha que até hoje está me ajudando. Eu tomei os remédios e quando fui lá ver eu não tinha mais nada. Depois eu fui cumprir minha promessa lá na Igreja Nossa Senhora da Penha. Acendi uma vela, deu uma esmolinha e acabou” (16 ).   Após a morte de Caetano, em 1937, a propriedade da família na esquina do armazém foi vendida para Luiz Angeli, que, na segunda metade da década de 1954,  fez construir  no local o prédio que ali está atualmente.  André, Virgínia e seus filhos, foram residir ao lado, No imóvel de  número 1053 (17).     Imagens.Acima: Virgínia Corazza e André Ritucci. 1915. Abaixo: Armazém de Caetano Ritucci, que  aparece ao centro, ao lado da esposa Maria Mascotto e do filho André. Originais: Família Ritucci.  Pesquisa e texto: Centro de Memória de São Bernardo do Campo  Notas   (1)  – Cf.   Estado de São Paulo. Secretaria dos Negócios da Agricultura, Industria e Comércio. Secretaria dos Negócios da Educação e Saúde Pública. Comissão Geral do Recenseamento.Recenseamento Demográfico, Escolar e Agrícola Zootécnico do Estado de São Paulo – 1934. Imprensa Oficial, 1936. p.44.   (2) – Cf. Livro de Matrícula dos Colonos – Núcleo Colonial de São Bernardo/Sede. Inspetoria Geral de Terras, Colonização, Imigração do Estado de São Paulo. (1877/1892). Acervo: Arquivo do Estado de São Paulo.  (3) – Cf . Ritucci, Virgínia Corazza.   Depoimento. 30/10/1990. Banco de História Oral.  (4) – Cf. Ibidem.  (5) – Cf. Jacobine, Jorge H. Scopel. A Usina Henry Borden, a Represa Billings, e a história da eletricidade em São Paulo. 2023. Texto publicado no Portal da Secretaria de Cultura.   (6)  – Cf . Ritucci, Virgínia Corazza. Idem.   (7)  –  Cf.   Ibidem.  ( 8 ) – Cf. Câmara Municipal de São Bernardo. Indústrias e Profissões. 1904-1909.  Acervo: Museu de Santo André Dr. Octaviano Armando Gaiarsa.  (9) – Cf. Câmara Municipal de São Bernardo. Imposto Predial e Viação. (1904-1923).p.35.  (10) – Cf. Câmara Municipal de São Bernardo. Impostos de Indústrias e Profissões.  1911-1923. Acervo: Centro de Memória de São Bernardo do Campo;  Câmara Municipal de São Bernardo. Impostos de Indústrias e Profissões.1924-1935 Acervo: Museu de Santo André Dr. Octaviano  Armando Gaiarsa.  (11) – Cf.  Ritucci, Virgínia Corazza. Idem.   (12) – Cf. Ibidem.  (13) – Cf. Ibidem.  (14) – Cf. Ibidem.  (15) – Cf. Câmara Municipal de São Bernardo. Imposto Predial e Viação. (1904-1923).  (16) – Cf.  Ritucci, Virgínia Corazza. Idem.   (17) – Cf. Ibidem."
enchente,dataset\enchente\9fa0b3f7f3650cbb1218996d0cf8094b.jpg,"Forte chuva na tarde desta quinta-feira, dia 28, deixa ruas alaga em toda a região. O vídeo mostra uma moto que foi levada pela enxurrada na região do Portal do Morumbi.  Em Taboão da Serra o Jd. Leme também enfrentou pontos de alagamento e enchente. Trânsito é complicado na antiga rodovia Régis Bittencourt, alguns semáforos estão desligados E como está no seu bairro? Deixe seu comentário"
enchente,dataset\enchente\bc175b01b9930d92e219bf0869d565e8.jpg,Eu me sinto em São Paulo toda vez que chove em Avare
enchente,dataset\enchente\a04a2387d80382ba5c14aa2c997ac74e.jpg,"MAIS UMA TARDE DE TRANSTORNOS COM ALAGAMENTOS NA ZONA LESTE   A forte chuva desta segunda-feira (31) voltou a causar estragos na Grande São Paulo, especialmente na Zona Leste. Em Itaquera e Cidade Líder, diversas ruas ficaram alagadas, dificultando a vida de moradores e motoristas.   Cidade Líder: A Avenida Osvaldo Vale Cordeiro e a Rua Joaquim Meira de Siqueira foram tomadas pela água.   São Miguel: O Córrego da Rua Modelo transbordou novamente, causando mais transtornos na divisa dos bairros.   Avenida dos Estados também registrou pontos de alagamento.  Nos solidarizamos com todos que enfrentam esse drama recorrente e reforçamos a necessidade urgente de investimentos em drenagem e infraestrutura para evitar que as cenas se repitam.   Imagens: Itaquera Unida e Fato Paulista. #enchentesemsp #chuvas #zonalestesp"
enchente,dataset\enchente\4b286e5d593b1ff22a07ef572ef9943c.jpg,"A chuva forte também atingiu o interior de Minas Gerais. Em Itaúna, a água subiu até 2 metros e meio. Uma correnteza forte se formou em algumas ruas. A enchente arrastou um carro e os bombeiros resgataram quatro pessoas de áreas inundadas: http://glo.bo/46TAWB7 #JH"
enchente,dataset\enchente\3bc6ded8814bef64376102904cbc1019.jpg,"A forte chuva no estado do Rio Grande do Sul deixou um rastro de estragos em várias cidades da região sul do estado. Cidades reportaram alagamentos em vias, destelhamentos, fios e postes danificados, galhos nas ruas e deslizamentos de terras. O estado ainda está sob alerta da defesa civil. Os acontecimentos mais importantes do dia a dia dos gaúchos estão aqui! Boa Tarde RS, de segunda a sexta às 13h na tela da Band RS."
enchente,dataset\enchente\aeb5e42115422db08eb31b9e1a7c1021.jpg,"https://metsul.com/chuva-causa-alagamentos-e-ainda-pode.../ CHUVA CAUSA ALAGAMENTOS E AINDA PODE CHOVER FORTE EM SANTA CATARINA  Por : Metsul Meteorologia  Episódios localizados de chuva intensa atingiram hoje de manhã o Sul catarinense e outras áreas podem ser afetadas ainda hoje. Episódios localizados de chuva intensa causaram alagamentos e inundações na manhã desta quinta-feira no Sul de Santa Catarina, confirmando os alertas da MetSul de que poderia chover muito forte e com transtornos em pontos da região.   A chuva forte em Santa Catarina é efeito da circulação de uma área de baixa pressão atmosférica em baixos e médios níveis da atmosfera que desde a segunda-feira atua entre o Rio Grande do Sul e o Uruguai, mas está hoje quase toda sobre o território gaúcho.  Um dos municípios mais atingidos no Sul catarinense pela intensa precipitação hoje cedo foi Jaguaruna, onde a chuva intensa do início da manhã causou alagamentos, especialmente na área central da cidade.   A Defesa Civil informou que apenas uma residência precisou ser interditada. Equipes da Defesa Civil e da Secretaria de Obras estão nas ruas avaliando os danos causados pelo aguaceiro. Em Imbituba, cidade próxima, a estação da Epagri-Ciram registrou 88 mm de chuva entre a madrugada e a manhã.  O prefeito de Jaguaruna pediu que moradores afetados entrem em contato com os órgãos responsáveis. Imaruí foi outro município fortemente atingida por chuva intensa na manhã desta quinta-feira com alagamentos em ruas, estradas e áreas próximas à lagoa.  Os pontos mais baixos da cidade ficaram inundados, prejudicando o trânsito. As águas invadiram moradias e comércio. Moradores relataram prejuízos. Ruas chegaram a ser interditadas pela correnteza da enxurrada que fez as vias parecerem rios.  De acordo com dados de estações da Epagri, os volumes de chuva em 24 horas até o meio-dia desta quinta foram de 96 mm em Imbituba e 62 mm na llha (Epagri), em Florianópolis.  A MetSul Meteorologia alerta que o risco de chuva localmente intensa com pontos de alagamentos e inundações persiste na tarde e noite de hoje no Sul e no Leste do estado de Santa Catarina. A capital e a Grande Florianópolis estão na área de risco de chuva forte."
enchente,dataset\enchente\84a836afc8781a70e53c55b469d95b22.jpg,"PORTO ALEGRE. Nesta quarta feira em Porto Alegre forte chuva causando alagamento em várias Ruas, casas, lojas, prédios sendo invadido pela água, causando transtorno aos motoristas..."
enchente,dataset\enchente\e896ffff993256d56c9524960cde779d.jpg,"#Chuva: Temporais atingem a Região Sul do Brasil ao longo desta semana, conforme previsto e alertado pelo #INMET  Nos últimos dias, vários municípios, principalmente, do Rio Grande do Sul e Santa Catarina foram atingidos por chuva forte, rajadas de #vento e queda de #granizo.  Em Treze Tílias (SC), as ruas ficaram completamente alagadas, como mostram as imagens.  : Reprodução/Achiles Alaor Ronchi.  Já em Zortéa (SC), moradores registraram a forte queda de granizo (veja vídeo nos comentários).  : Reprodução/@Alexand59517985.  Em Mondaí (SC), também houve queda granizo (veja foto nos comentários).  : Divulgação/Corpo de Bombeiros.  Nas últimas 24h, até as 9h desta sexta-feira (17), algumas cidades registraram grandes volumes de chuva. Os maiores acumulados, em milímetros (mm), foram em:  Ituporanga (SC): 146,8 mm  Campos Novos (SC): 105,2 mm  Curitibanos (SC): 103,6 mm  Lages (SC): 100,8 mm  Erechim (RS): 90,4 mm  Nessa quinta-feira (16), o Inmet emitiu um #aviso meteorológico de nível vermelho (grande perigo) para #tempestade. Confira   alertas2.inmet.gov.br/45474 Já as maiores rajadas de vento, até as 9h, foram registradas em:  Dionísio Cerqueira (SC): 112,3 km/h  Joaçaba (SC): 104,0 km/h  Bom Jardim da Serra (SC): 89,6 km/h  Campos Novos (SC): 73,0 km/h  Erechim (RS): 70,2 km/h  A #previsão para este fim de semana indica a persistência dos temporais em áreas dos três estados do Sul do País. Para mais detalhes, acompanhe a previsão do tempo e os avisos meteorológicos especiais em   portal.inmet.gov.br"
enchente,dataset\enchente\f0e64a37f606deeb5e3861ee64752ced.jpg,"Menos de 20 minutos de chuva e nem foi chuva forte! Força, Porto Alegre! Evviva o chapéu de palha   sem energia elétrica e sem internet."
enchente,dataset\enchente\ee9dbe4b3642e15c4452495d862eb2ac.jpg,"Este vídeo não foi gravado em maio de 2024, mas sim na tarde de 1º de janeiro de 2025. Ele mostra a situação da Avenida França com a Presidente Franklin Roosevelt, no bairro Navegantes, em Porto Alegre, após a forte chuva que atingiu a Capital."
enchente,dataset\enchente\ba80ed6bf46edea2e97468e97c5e32ea.jpg,"Porto Alegre, 26/09/2024. Essa é a situação da Capital após as fortes chuvas desta manhã. Cenário que se repete TODA VEZ: bueiros transbordando, ruas alagadas, população com medo do que está por vir.  A previsão é de mais chuva até amanhã. Por isso, te cuida, fica em segurança e dia 06 de outubro NÃO VOTA EM NEGACIONISTA CLIMÁTICO. Como tá a situação na tua região? #chuvas #portoalegre"
enchente,dataset\enchente\c12c608ea1b019555bd1aeda4a96f6ac.jpg,"O alerta para tempestades continua! A  Defesa Civil do Rio Grande do Sul  emitiu um boletim que aponta chuvas intensas a partir desta segunda-feira. Há risco de queda de galhos de árvores, alagamentos, incidência de descargas elétricas e granizo. O tempo se mantém instável na quarta-feira (11) com possibilidade de chuva forte acompanhada de raios e trovões com potencial para queda isolada de granizo. O feriado de quinta-feira (12) também promete ser de chuva forte no estado. A sexta-feira (13) será nebulosa com nuvens carregadas que ainda podem provocar altos volumes de água em parte do dia. A sequência de dias chuvosos deve causar transtornos como alagamentos e cheias, além da manutenção do solo encharcado que pode provocar quedas de árvores. Existe uma série de cuidados que a população deve tomar para que não ocorram acidentes: Não subir em telhados para trocar ou consertar telhas; Abrigar-se da chuva torrencial que pode acompanhar o granizo e causar inundações; Não abrigar-se debaixo de árvores, pois há riscos de quedas; Não estacionar veículos próximos a torres de transmissão e placas de propaganda, pois estarão sob influencia de ventos fortes; Evite trafegar por ruas e avenidas que estão alagadas ou atingidas por granizo; Se for área de risco, abandone o local com antecedência; Ao sair de casa, desligue a chave geral de eletricidades, água e gás; Em caso de emergências, acione a Defesa Civil pelo telefone 199."
enchente,dataset\enchente\b6be986bf89938745aa503f6571539f1.jpg,"Porto Alegre, 26/09/2024. Essa é a situação da Capital após as fortes chuvas desta manhã. Cenário que se repete TODA VEZ: bueiros transbordando, ruas alagadas, população com medo do que está por vir.  A previsão é de mais chuva até amanhã. Por isso, te cuida, fica em segurança e dia 06 de outubro NÃO VOTA EM NEGACIONISTA CLIMÁTICO. Como tá a situação na tua região? #chuvas #portoalegre"
enchente,dataset\enchente\8add8ec6cade537d55916125b8a86b69.jpg,"https://metsul.com/chuva-causa-alagamentos-e-ainda-pode.../ CHUVA CAUSA ALAGAMENTOS E AINDA PODE CHOVER FORTE EM SANTA CATARINA  Por : Metsul Meteorologia  Episódios localizados de chuva intensa atingiram hoje de manhã o Sul catarinense e outras áreas podem ser afetadas ainda hoje. Episódios localizados de chuva intensa causaram alagamentos e inundações na manhã desta quinta-feira no Sul de Santa Catarina, confirmando os alertas da MetSul de que poderia chover muito forte e com transtornos em pontos da região.   A chuva forte em Santa Catarina é efeito da circulação de uma área de baixa pressão atmosférica em baixos e médios níveis da atmosfera que desde a segunda-feira atua entre o Rio Grande do Sul e o Uruguai, mas está hoje quase toda sobre o território gaúcho.  Um dos municípios mais atingidos no Sul catarinense pela intensa precipitação hoje cedo foi Jaguaruna, onde a chuva intensa do início da manhã causou alagamentos, especialmente na área central da cidade.   A Defesa Civil informou que apenas uma residência precisou ser interditada. Equipes da Defesa Civil e da Secretaria de Obras estão nas ruas avaliando os danos causados pelo aguaceiro. Em Imbituba, cidade próxima, a estação da Epagri-Ciram registrou 88 mm de chuva entre a madrugada e a manhã.  O prefeito de Jaguaruna pediu que moradores afetados entrem em contato com os órgãos responsáveis. Imaruí foi outro município fortemente atingida por chuva intensa na manhã desta quinta-feira com alagamentos em ruas, estradas e áreas próximas à lagoa.  Os pontos mais baixos da cidade ficaram inundados, prejudicando o trânsito. As águas invadiram moradias e comércio. Moradores relataram prejuízos. Ruas chegaram a ser interditadas pela correnteza da enxurrada que fez as vias parecerem rios.  De acordo com dados de estações da Epagri, os volumes de chuva em 24 horas até o meio-dia desta quinta foram de 96 mm em Imbituba e 62 mm na llha (Epagri), em Florianópolis.  A MetSul Meteorologia alerta que o risco de chuva localmente intensa com pontos de alagamentos e inundações persiste na tarde e noite de hoje no Sul e no Leste do estado de Santa Catarina. A capital e a Grande Florianópolis estão na área de risco de chuva forte."
enchente,dataset\enchente\3e46955c80b8feff882630eb02ad5bf4.jpg,Inundações 2024 - Porto Alegre - Brasil  Aos poucos as águas vão baixando junto à Rua dos Andradas em frente à Praça da Alfândega no centro da cidade. Foto; Maurício Wagner
enchente,dataset\enchente\7fec7bbda71f04dfe1acc743c05acdc7.jpg,"ATENÇÃO RIO GRANDE  O NÍVEL DA LAGOA ESTÁ ELEVANDO RAPIDAMENTE - Rua Marechal Floriano nesta quinta-feira (09/05). A água do Guaíba se aproxima da Lagoa dos Patos, das ruas e residências em Rio Grande. O destaque para a água escura, com coloração marrom que confirma ser do Guaíba. O vento está sul -sudoeste e é motivo de preocupação. Orientação: quem mora em regiões próximas à Lagoa, ou em áreas com histórico de alagamentos ou inundações deve sair com antecedência, de forma ordenada, buscando um local seguro para permanecer.  Não atravesse áreas alagadas a pé, ou mesmo de carro. Procure informações com a Defesa Civil de sua cidade. Em caso de emergência ligue 193/190 ou em Rio Grande através do WhatsApp (53) 9968-3244 ou 3233-8460 ou 3233-8461."
enchente,dataset\enchente\be1f4e7764eada33616a7e308cd060b9.jpg,"Uma forte chuva atingiu Jaguaruna na manhã desta quinta-feira (10), provocando alagamentos em várias ruas da cidade. Uma forte chuva atingiu Jaguaruna na manhã desta quinta-feira (10), provocando alagamentos em várias ruas da cidade. No centro do município, o acúmulo de água dificulta o tráfego de veículos, exigindo atenção redobrada dos motoristas. A Defesa Civil alerta para a possibilidade de mais precipitações intensas no Litoral Sul, com previsão de instabilidade até a sexta-feira 11. #laguna #lagunasc #santacatarina #jaguaruna"
enchente,dataset\enchente\eb304b767c545f368e9361a943c79ac2.jpg,"Atenção para risco de chuva intensa em SC entre quarta (09) e sexta-feira (11) A Defesa Civil de Santa Catarina emitiu um novo alerta de atenção meteorológica na manhã desta quarta-feira (09), com previsão de chuva frequente e, em alguns momentos, intensa entre hoje à noite e a madrugada de sexta-feira (11). Segundo os meteorologistas Jéssica Silva e Felipe Theodorovitz, sistemas de baixa pressão combinados com a circulação marítima vão manter o tempo instável em todo o estado, com maior intensidade na faixa leste de SC. As regiões com risco mais alto para alagamentos e enxurradas são o sul do Vale do Itajaí, Grande Florianópolis, Litoral Sul e áreas da serra no Planalto Sul. Nesses locais, a chuva deve começar entre a noite de quarta e a tarde de quinta-feira, podendo ser forte e persistente. Nas demais regiões catarinenses, a instabilidade também se faz presente, com possibilidade de pancadas de chuva acompanhadas de raios ao longo da quinta-feira. Nesses locais, o risco é considerado de baixo a moderado para ocorrências. Recomendações importantes: • Durante temporais, procure abrigo e evite atravessar ruas ou pontes alagadas. • Redobre a atenção em áreas de encosta. • Fique atento a sinais de deslizamentos, como rachaduras em paredes, inclinação de postes ou árvores."
enchente,dataset\enchente\27024f0a604b07facab7fd9393d16cc2.jpg,GIRO POR SANTA CATARINA  A CIDADE DE TIMBÓ TAMBÉM FOI ATINGIDA POR UMA FORTE CHUVA QUE DEIXOU RUAS TOTALMENTE ALAGADAS. Mais conteúdos no link: https://youtube.com/c/ItapemaMilGrauItapemaMilGrau
enchente,dataset\enchente\67835bc4c03899ba5fc019f9c9412a43.jpg,A chuva foi tão forte nessa madrugada que ruas permanecem intransitáveis algumas casas estão alagadas e algumas a água brota de dentro como se fosse fonte  Não há boca de lobo que suporte tanta água
enchente,dataset\enchente\8e4a7e0b8e18e17ffa0957978d72e2ec.jpg,"A forte chuva que caiu nesta segunda feira em Lauro Müller, deixou ruas, casas e comércios alagados."
enchente,dataset\enchente\d84bfba6a9455a6485734abb6207d89b.jpg,Chuva forte castiga Balneário Camboriú! Chuva que caiu nessa madrugada deixou várias ruas alagadas.
enchente,dataset\enchente\b72cea0e6eec1b8447d9162291959eaa.jpg,Chuva foi abundante nesta quinta em Porto Alegre. Houve alagamentos em várias ruas.
enchente,dataset\enchente\f63ba9fa4e2c1332e855246e72b86539.jpg,"Rua José de Alencar - 23/05/2024 - captura de vídeo. Porto Alegre voltou a registrar ruas inundadas menos de uma semana depois de o nível do Guaíba ter baixado. A água alcançava a altura do joelho de moradores e trabalhadores das mais diversas regiões da cidade nesta quinta-feira (23). Após dias de trégua, a chuva voltou a atingir a cidade desde as primeiras horas do dia...."
enchente,dataset\enchente\a0ce0b768a848582c4659aac11b27915.jpg,"A cidade de Itapoá, no litoral norte de Santa Catarina, enfrenta alagamentos significativos nesta sexta-feira, 7 de dezembro de 2024. O volume de chuva registrado ultrapassou 100 mm em poucas horas, superando a média esperada para o mês inteiro. A intensidade da chuva, associada à topografia plana da região, contribuiu para que diversas ruas ficassem alagadas, dificultando o tráfego e colocando a população em alerta. Matéria completa acesse: https://itapoanews.com.br/alagamentos-em-itapoa-chuva.../ #itapoa #chuvas #santacatarina #alagamentos"
enchente,dataset\enchente\c9ab98a7574fa0bd78247c370475cd95.jpg,"PREFEITO DE ITAPEMA QUE SALVOU PESSOAS EM ALAGAMENTOS É NATURAL DA SERRA    “O vídeo do prefeito Xepa salvando pessoas com água até o pescoço viralizou nas redes sociais”   “Por SCC-10”   O prefeito de Itapema, Alexandre Xepa, utilizou as redes sociais nesta quinta-feira (16) para pedir ajuda no resgate de pessoas na cidade. Nas imagens, o prefeito aparece com a água quase atingindo seu pescoço, mostrando a situação causada pelas fortes chuvas que atingem a cidade.   Alexandre é natural da cidade de Correia Pinto, na Serra Catarinense, mas na infância viveu com a família no Bairro Santa Catarina em Lages. Em 1994, ele se mudou para Itapema onde foi vereador por dois mandatos e em 2024 foi eleito prefeito da cidade.   O vídeo do prefeito Xepa salvando pessoas com água até o pescoço viralizou nas redes sociais. No vídeo divulgado no próprio perfil ele pede que quem tenha barco também ajude nos resgates e escreveu:   “Desde cedo, estamos nas ruas ao lado das equipes da Defesa Civil, trabalhando diretamente nos resgates e oferecendo suporte à nossa comunidade. Foi para isso que fui eleito: estar presente, próximo da população, especialmente nos momentos mais desafiadores. Sempre estive ao lado de vocês, e não será agora que será diferente.”   Diversos bairros de Itapema estão sofrendo com o acúmulo de água, sendo os bairros Ilhota e Alto São Bento os mais afetados. A situação crítica se estende a outras áreas, como as marginais da BR-101, e bairros como Morretes, Jardim Praia Mar, Tabuleiro, Várzea, Casa Branca e Sertãozinho, que também enfrentam sérios problemas devido ao grande volume de chuva. O Morro do Encano, ponto crítico da cidade, registrou deslizamentos de terra, dificultando o acesso à área e exigindo monitoramento constante das autoridades locais. A situação é considerada grave e as equipes de resgate estão trabalhando intensamente para atender à população e minimizar os danos."
enchente,dataset\enchente\0703d56ac4031986599f14ed260671b4.jpg,"Chuva Intensa e Cheias Atingem Jacinto Machado, SC Atenção, pessoal do Sul de Santa Catarina! Na tarde e noite de quarta-feira (06/11/2024), o município de Jacinto Machado foi duramente afetado pelas fortes chuvas, que provocaram a cheia dos rios. A cidade enfrenta alagamentos, correntezas perigosas, falta de energia elétrica e bloqueio de ruas."
enchente,dataset\enchente\7be0c91a90b16b571cb0305b40130a1f.jpg,"Chuva intensa causa alagamentos no centro de Joinville - SC - hoje (22.1.2024) Um temporal atingiu a cidade de Joinville, em Santa Catarina, Brasil, nesta segunda-feira (22). A chuva forte casou transtornos e deixou diversas ruas do centro alagadas; Veja vídeo, chuva em SC. #chuva #Joinville #sc #SantaCatarina  #alagamento #temporal #chuvas #hoje #tormenta #lluvia #hoy #inundacion #mundo #noticias #inundaciones"
enchente,dataset\enchente\473873547780faaa1b37c573f84f79d8.jpg,"Na tarde desta terça-feira, 7 de novembro de 2024, um forte temporal atingiu as cidades de Princesa e São José do Cedro, localizadas no Oeste de Santa Catarina. O fenômeno foi marcado por chuvas intensas, rajadas de vento e risco de granizo, causando transtornos nas duas localidades. Em Princesa, as fortes precipitações provocaram alagamentos em diversas ruas, dificultando o tráfego e gerando preocupação entre os moradores. A chuva, que se intensificou por volta das 15h, também foi acompanhada por ventos que derrubaram árvores e danificaram a rede elétrica em algumas áreas. Já em São José do Cedro, o temporal causou danos semelhantes, com registros de quedas de árvores e destelhamentos, além de interrupções no fornecimento de energia elétrica. Equipes de defesa civil e bombeiros foram acionadas para atender aos chamados de emergência e auxiliar na recuperação dos danos. Embora o pior já tenha passado, os moradores permanecem em alerta para possíveis novos temporais, já que o clima instável deve persistir na região nos próximos dias. A previsão é de que as condições climáticas melhorem gradualmente, mas ainda há risco de chuvas fortes e ventos em áreas do Oeste catarinense. Crédito:  Página do Dionísio"
enchente,dataset\enchente\a77a8d2045300cb1ddb3c104cd7620ac.jpg,A Defesa Civil recomenda evitar áreas propensas a alagamentos e não atravessar ruas inundadas. Saiba mais  https://misturebas.com.br/.../alerta-vermelho-chuva.../ Participe do nosso grupo no WhatsApp: https://chat.whatsapp.com/BEkR2pfejTRHy6wP2KEsI6 #alertavermelho #chuva #alagamentos #santacatarina #perigo #defesacivil
enchente,dataset\enchente\effa4d6a4574e2117367e4a4bc724455.jpg,"ÁGUAS DO RIO GUAÍBA INVADEM RUAS DO CENTRO E RODOVIÁRIA DE PORTO ALEGRE Como já era previsto nos últimos dias, as águas do Rio Guaíba começaram a invadir na manhã desta sexta (3) várias ruas do Centro Histórico de Porto Alegre. É o caso da Júlio de Castilhos (vídeo). Há vazamentos no Muro da Avenida Mauá, além de águas vertendo pelo sistema de esgoto e rompimento de comportas, provocando alagamentos inclusive na Estação Rodoviária. A Mauá está completamente bloqueada, assim como as duas pontes do Guaíba. A Voluntários da Pátria, perto da Rodoviária, também está alagada.  Em Ipanema, na zona sul da Capital, o Guaíba também transbordou e as águas já estão batendo na porta de várias casas localizadas nas imediações da orla. No final da manhã, o Guaíba chegou a 4m31cm no Cais Mauá. É o maior nível desde a famosa enchente de 1941.   Na zona norte da Capital, o acesso para Cachoeirinha pela Avenida Assis Brasil também está fechado em razão de água na pista. 38 MORTES CONFIRMADAS Já foram registradas 38 mortes em razão da chuva no RS: Bento Gonçalves (1), Boa Vista do Sul (2), Canela (2), Candelária (1), Caxias do Sul (1), Encantado (1), Gramado (4), Itaara (1), Pantano Grande (1),  Paverama (2), Putinga (1), Salvador do Sul (2), Santa Maria (2), Santa Cruz do Sul (4), São João do Polêsine (1), São Vendelino (2), Segredo (1), Serafina Corrêa (2), Silveira Martins (1), Taquara (2), Três Coroas (3) e Vera Cruz (1).  Pelo menos 74 pessoas estão desaparecidas no Estado e quase 15 mil‬ estão fora de casa. Há dezenas de estradas interrompidas no Estado, inclusive a BR-290, totalmente bloqueada próximo a Charqueadas. Várias cidades estão sem acesso por conta de deslizamentos de terra e queda de pontes. Várias campanhas de solidariedade estão sendo organizadas para socorrer as vítimas desta tragédia climática que atinge o RS. Fonte: Sul21 e GZH https://sul21.com.br/.../aguas-invadem-ruas-do-centro.../"
enchente,dataset\enchente\d3f87748c96d93d56c3d47f85203a9ec.jpg,"Início de 2025 marcado por tragédias climáticas O estado de Santa Catarina vive dias de angústia neste janeiro de 2025, com fortes chuvas provocando alagamentos em diversas cidades. Ruas inundadas, deslizamentos de terra e milhares de pessoas desalojadas refletem a gravidade da situação, que desperta memórias recentes das enchentes que assolaram o Rio Grande do Sul em maio de 2024. Naquele episódio, as chuvas intensas deixaram comunidades inteiras submersas, provocaram danos em infraestrutura e causaram perdas irreparáveis para centenas de famílias. A recorrência desses eventos climáticos extremos na região Sul do Brasil acende o alerta para a urgência de ações mais robustas de prevenção e mitigação de desastres naturais. #Enchentes2025 #SantaCatarina #ChuvasExtremas #Clima #Prevenção"
enchente,dataset\enchente\727aa93141f1e5cc9a7639ef31c22c39.jpg,"RIO PARDO VALE DO BAIXO RIO PARDO  TEMPORAL PROVOCA ALAGAMENTOS NAS RUAS E CASAS NO CENTRO E BAIRROS  VÍDEOS: temporal provoca alagamentos em Rio Pardo Casas e ruas em bairros como Jardim Boa Vista, Auxiliadora, Centro e Boa Vista foram afetadas pelas fortes chuvas desde sábado Ruas ficaram alagadas em diversos pontos do município Os temporais que atingem diversos municípios do Vale do Rio Pardo e do Rio Grande do Sul desde o último sábado, 27, também provocam danos em Rio Pardo. Vídeos enviados à redação do Portal Gaz mostram que diversas casas e ruas do município tiveram alagamentos devido às fortes chuvas. Bairros como Jardim Boa Vista, Auxiliadora (Vila do Hospital), Centro e Boa Vista (Vila Pinheiros) registraram danos. “O povo tá apavorado. Quase toda cidade está assim”, relata uma moradora que procurou a equipe do Portal Gaz. Vias do município se tornaram praticamente intransitáveis devido à quantidade de água acumulada. Segundo dados da Defesa Civil de Rio Pardo, foram 60 milímetros de chuva somente nesse fim de semana. A coordenadora da Defesa Civil de Rio Pardo, Andreia Moreira, pontua que foram atendidas 14 ocorrências no município, entre desentupimento de bueiros e distribuição de lonas. Além disso, um atendimento contou com o apoio do Corpo de Bombeiros Militar. Não há pessoas desalojadas. Nível do Jacuí está acima do normal O nível do Rio Jacuí, em Rio Pardo, também está acima do normalmente registrado. Na noite desse domingo, 28, a medição indicava 9,98 metros na jusante da Barragem do Anel de Dom Marco – o normal seria de 7 metros. Na manhã desta segunda-feira, 29, os dados indicam que o nível na montante chega a 14,77 metros e na eclusa a 10,18 metros. 29 de abril de 2024 13:38 | Atualizado em 29 de abril de 2024 13:38 Por GUILHERME ANDRIOLO Confira os registros: Fotos: Divulgação  Vídeos: Divulgação  FONTE: PORTAL GAZ               JORNAL GAZETA DO SUL                 RADIO GAZETA FM 107.9                RÁDIO RIO PARDO FM 103.5"
enchente,dataset\enchente\2c4cefb8f42368c5836076850be424dd.jpg,"A arquiteta Andréa Hamilton Ilha assumiu no dia 4 de janeiro como a nova presidente do Conselho de Arquitetura e Urbanismo do Rio Grande do Sul (CAU/RS) para o triênio 2024-22026. Primeira mulher a assumir o cargo, ela estará à frente da quinta gestão desde a fundação do Conselho, criado nacionalmente em dezembro de 2011. Nesta semana, Andréa conversou com a reportagem do Sul21 sobre os planos e desafios que a gestão terá pela frente, bem como sobre alguns dos principais desafios relacionadas a questões urbanísticas que o Rio Grande do Sul e o Brasil enfrentam. Servidora pública no cargo de arquiteta e urbanista em Santana do Livramento, Andréa atua como diretora do Departamento Técnico de Habitação da Secretaria de Planejamento e Meio Ambiente. Ela sucede Tiago Holzmann da Silva, de quem foi vice-presidente entre 2021 e 2023. Ela destaca que a nova gestão tem um compromisso com a consolidação de programas desenvolvidos pelo CAU/RS, como o Nenhuma Casa Sem Banheiro e a promoção da Lei de ATHIS, de 2005, que assegura às famílias de baixa renda assistência técnica pública e gratuita para o projeto e a construção de habitação de interesse social. Na conversa, ela também que o CAU/RS seguirá tendo uma atuação para a promoção de questões como a necessidade de qualificação do planejamento urbano, destacando que isso foi evidenciado nas recentes enchentes que atingiram o Rio Grande do Sul em 2023. “A gente vê também como importante a questão do planejamento urbano em função dos últimos ocorridos, das enchentes, alagamentos, cidades arrasadas, e muitas vezes isso poderia ter sido minimizado, enfrentado com um planejamento urbano responsável. Então, acho que esse é um papel importante da gente levantar agora, enquanto conselho”, afirma."
enchente,dataset\enchente\c2ac2fff2d07cd7a64943dd13bb7fe36.jpg,"Previsão do tempo para outono  Como menciono desde o ano passado, a possibilidade de ciclones extra tropicais de grande intensidade, granizo e tornados, (ventos fortes) , vem se concretizando. Não imagino enchente, inundações naquela proporção, mas alagamentos nas ruas mais baixas como vimos na enchente de 2023 e 2024, essas teremos, pois o sistema de drenagens está obstruído (tubulações entupidas). Se não fizerem um mutirão de manutenção e limpeza das tubulações de fora a fora, não apenas bueiros, é certo que vai dá merda ! Basta chuva de 40 a 50 mm em poucas horas para o centro colapsar, e olha que para outono e inverno esses números não são nada longe da realidade, pode até ultrapassar e o dobro ! Tô só aguardando os vídeos   de ruas com água nas portas das casas."
enchente,dataset\enchente\1cfd2eac5bc9b0affdbb752eae8103f2.jpg,"Chuva forte no Rio Grande do Sul prolonga situação de calamidade que já dura quase um mês. Em Porto Alegre, até bairros que não tinham ficado alagados na primeira enchente foram atingidos. Um grande volume de chuva previsto pelo menos desde segunda-feira (20/5) trouxe de volta às ruas de Porto Alegre uma cena comum nos piores dias da catástrofe ambiental que se abate sobre o Rio Grande do Sul: caminhões e barcos retirando pessoas de pontos isolados pela água...."
enchente,dataset\enchente\88d940825a3e7482d8814c06b5322e20.jpg,Cena de filme
enchente,dataset\enchente\4a6626b2c5d2fb902227199c1ab9602e.jpg,"S.O. S  tragédia no Rio Grande do Sul. Grande enchente. Bairro Matias velho em Canoas é invadido pelas águas da grande cheia . Vivem base de 100 mil pessoas neste bairro. Água continua subindo . Fujam ... Vídeo  Madrugada de 04 de maio de 2024 .  Moradores do bairro Matias Velho fujam da região. Forças Armadas socorram as pessoas do Bairro Matias Velho na cidade de Canoas, é preciso barcos, e logística de resgate, barracas e alimentação. Vídeo Sul do Brasil, cidade de CANOAS. * Ruas citadas no vídeo."
enchente,dataset\enchente\3ad88314f30e5ad13290ec0f204e24b5.jpg,"Boletim da Catástrofe Aeroporto de Porto Alegre permanece fechado até pelo menos sexta-feira O Aeroporto Internacional de Porto Alegre (Salgado Filho) permanece fechado e com todas as operações suspensas até pelo menos a sexta-feira (10). A informação foi confirmada pela Associação Brasileira das Empresas Aéreas (Abear). As companhias aéreas Azul, Gol e Latam cancelaram os voos com origem e destino para Porto Alegre. Quem tinha passagens marcadas está sendo comunicado sobre regras mais flexíveis para remarcação, reembolso e cancelamento. A Abear informou, também, que os aeroportos das cidades de Passo Fundo, Caxias do Sul, Pelotas e Santo Ângelo ainda estão operando, mas podem ser impactados pelas condições meteorológicas no Estado, onde chove há vários dias. Veja as notas oficiais da associação e das companhias aéreas. Abear “A Abear se solidariza com a população do Rio Grande do Sul e, junto com as suas associadas, se mantém à disposição para contribuir com ações de logística para viabilizar o transporte de doações para o estado. Cada empresa disponibilizará em seus canais informações sobre suas iniciativas que contemplam: flexibilidade nas regras de remarcação, reembolso e cancelamento para passageiros com origem e/ou destino para o Rio Grande do Sul; transporte solidário de profissionais para o resgate das vítimas; coordenação com entidades de assistência social para transporte de doações para a população atingida”. Azul “A Azul informa que monitora, em tempo real, as fortes chuvas no Rio Grande do Sul e a condição operacional do Aeroporto Internacional Salgado Filho. Por esse motivo, foi necessário o cancelamento de todos os pousos e decolagens no local até as 23h59 de quinta-feira (9 de maio). Os clientes com voos agendados nesse período deverão ficar atentos às comunicações que serão disparadas via e-mail, SMS e WhatsApp, além de também estarem disponíveis via site e aplicativo. Demais clientes, que optarem por alterar sua passagem voluntariamente, poderão realizar a solicitação para até três dias após a data da viagem, de acordo com a disponibilidade. Ou, ainda, solicitar via canais oficiais de atendimento o cancelamento da passagem, deixando o valor em crédito na companhia. A Azul se solidariza com todos os afetados pelas condições climáticas adversas em todo o estado do Rio Grande do Sul e reitera que está contribuindo com os esforços humanitários. Tão logo possa voltar a operar, irá colaborar com o transporte de materiais essenciais para a região”. Gol “A Gol continua acompanhando de perto os desdobramentos da situação de calamidade pública na cidade de Porto Alegre e em todo o estado do Rio Grande do Sul. O aeroporto Salgado Filho segue fechado, e, por isso, para preservar a segurança de seus clientes, cancelamos todos nossos voos com partida ou chegada à capital gaúcha até as 23h30 de sexta-feira (10). Tendo a Segurança como prioridade, valor número 1 da Gol, seguiremos sem operações na localidade até sexta. A companhia reforça que seguirá informando os seus clientes e a população em geral – por meio dos seus canais de comunicação – sobre atualizações da operação da companhia em todo o estado. A Gol mantém o atendimento a todos os clientes afetados com as facilidades previstas e reforça que, em virtude desta situação, desde a quarta-feira (1º) até 31/05, os clientes que desejarem remarcar seus voos chegando ou partindo dos aeroportos do Rio Grande do Sul – Porto Alegre, Caxias do Sul, Passo Fundo, Pelotas, Santo Ângelo e em Santa Catarina no aeroporto de Chapecó – poderão fazê-lo, com a possibilidade de deixar o valor da passagem em crédito com a companhia, sem a necessidade de pagamento da taxa de cancelamento; e isenção da taxa de remarcação para remarcações em voos da companhia. Havendo a necessidade de remarcação ou cancelamento, entre em contato com a nossa central de atendimento no número 0300 115 2121”. Latam “A Latam Airlines Brasil informa que todos os seus voos de/para Porto Alegre de sábado (4) até as 23h59 de sexta-feira (10) estão cancelados, com possibilidade de postergação, visto que o aeroporto local se encontra inoperante em função das fortes chuvas. A operação da companhia em Caxias do Sul e Passo Fundo (PFB) segue normal com a possibilidade de impactos em função das chuvas na região. A Latam orienta que os seus passageiros evitem se deslocar para o Aeroporto Salgado Filho e que consultem com antecedência o status de seus voos de/para Caxias do Sul e Passo Fundo neste link. A companhia reforça que oferece flexibilidade comercial para quem tem voos até o próximo domingo, 12 de maio, de/para as localidades sem multa ou diferença tarifária, e com possibilidade de reembolso. A autogestão para alterações dessas flexibilidades pode ser realizada diretamente na seção “Minhas Viagens” em latam.com. Se o cliente quiser solicitar o reembolso, é necessário preencher o formulário de solicitação de reembolsos, informando o seu código de reserva e o número do ticket”. Procedimentos que não são de urgência ou emergência estão suspensos nos hospitais de Porto Alegre Cirurgias, procedimentos e consultas eletivas (que não são de urgência ou emergência) estão suspensos em todos os hospitais de Porto Alegre. A medida, anunciada na noite de domingo (5) pela prefeitura, se deve à situação de calamidade pública em decorrência das enchentes e do risco de desabastecimento de insumos, materiais e medicamentos. “A suspensão não se refere a casos considerados graves, urgências e emergências e procedimentos tempo-sensíveis, que são aqueles em que a vida do paciente pode estar em risco ou que a postergação determine riscos reais para a saúde, como casos oncológicos, os quais recomendamos a manutenção do tratamento necessário”, informou a prefeitura. A decisão considera o cenário de priorização de casos de urgência e emergência para atendimento às vítimas das enchentes que assolam a Capital e o interior do Estado. Não há previsão para a retomada do abastecimento de água em Porto Alegre O Dmae (Departamento Municipal de Água e Esgotos) informou, na manhã desta segunda-feira (6), que ainda não há previsão para a retomada do abastecimento de água em Porto Alegre. Cerca de 70% da cidade está desabastecida. Apenas duas estações de tratamento estão em operação (Menino Deus e Belém Novo), mas com a capacidade reduzida. As outras quatro (Ilhas, Moinhos de Vento, São João e Tristeza) tiveram o funcionamento interrompido devido a inundações, desligamento ou falta de energia elétrica. Segundo o Dmae, hospitais e abrigos estão sendo abastecidos por caminhões-pipa. “Ainda não há previsão da retomada do abastecimento, porém, estamos buscando alternativas para disponibilizar água para a população”, informou o órgão. Apelo para economizar água Em entrevista à Rádio Pampa na manhã desta segunda-feira (6), o prefeito Sebastião Melo reforçou o pedido para que a população economize a água que ainda resta na Capital. “Não bote fora um pingo de água, pois pode faltar para você e para o vizinho”, apelou Melo. Governo e Congresso articulam orçamento de guerra para a reconstrução do Rio Grande do Sul O Rio Grande do Sul precisará de medidas extraordinárias para os trabalhos de reconstrução após as enchentes no Estado, disseram nesse domingo (5) os presidentes da Câmara dos Deputados, Arthur Lira, e do Senado, Rodrigo Pacheco. Em pronunciamentos após reunião de representantes do governo federal, estadual e de prefeituras, os dois afirmaram que vão trabalhar para que o Congresso Nacional elabore um pacote de ações para reduzir a burocracia e ampliar o socorro financeiro ao estado. “Temos a responsabilidade de discutir, nesta semana, um rumo para que a gente elabore uma medida totalmente extraordinária”, disse Lira. O presidente da Câmara informou ter convocado para esta segunda-feira (6) uma reunião do colégio de líderes da Casa para discutir o que pode ser feito. Pacheco afirmou que buscará reduzir, ao máximo, a burocracia para ajudar na reconstrução do estado. O presidente do Senado reiterou que o Congresso tem experiência em legislar sob circunstâncias extraordinárias, citando a emenda constitucional aprovada durante a pandemia de covid-19. “Não há limitações, não há restrições legais de tempos comuns. Há a necessidade de retirar da prateleira e da mesa a burocracia, as travas e as limitações para que nada falte ao Rio Grande do Sul para a sua reconstrução. Fizemos isso na pandemia com muita altivez no âmbito do Congresso Nacional com proposta de emenda à constituição que apelidamos de PEC da Guerra, com inúmeras medidas legislativas excepcionais”, destacou Pacheco. Vice-presidente do Supremo Tribunal Federal (STF), o ministro Edson Fachin prometeu que a corte trabalhará para criar um regime jurídico “especial e transitório” para o Rio Grande do Sul. “Aqui estamos para manifestar, mais do que a nossa solidariedade, aqui estamos juntos, o Judiciário está junto com os demais Poderes da República e estará junto especialmente na perspectiva da adoção de um regime jurídico especial emergencial e transitório para a catástrofe ambiental no Rio Grande do Sul”, disse o ministro, que representou o STF na comitiva de autoridades federais que viajou ao Estado. Governador Os três deram as declarações após sobrevoarem a Região Metropolitana de Porto Alegre e se reunirem com autoridades do governo do Rio Grande do Sul e prefeitos gaúchos. O governador do Rio Grande do Sul, Eduardo Leite, que recebeu a comitiva, pediu a criação de linhas especiais de crédito para pelo menos 300 dos 497 municípios do estado e também se manifestou favorável à flexibilização da legislação fiscal como ocorreu durante a pandemia de covid-19. “As autoridades públicas aqui precisam ver e perceber, presidente Lira, presidente Pacheco, a situação. A máquina pública está sufocada com essa situação e não vai conseguir dar respostas se nós não endereçarmos ações excepcionais também do ponto de vista fiscal”, declarou o governador. Nos últimos meses, o Rio Grande do Sul, junto com Estados do Sudeste e Goiás, tem pressionado por uma renegociação das dívidas com a União. Os governadores pedem a mudança no indexador da dívida. Atualmente, as dívidas dos Estados com a União são corrigidas pelo Índice Nacional de Preços ao Consumidor Amplo (IPCA) mais 4% ao ano, ou pela Taxa Selic (juros básicos da economia), prevalecendo o menor indexador. Eles pedem que o indexador passe para 3% fixos ao ano ou que seja o IPCA mais 1% ao ano. Inicialmente anunciado para o fim de abril, o envio do projeto de lei com a correção da dívida deverá ser enviado este mês ao Congresso. O presidente Lula chegou ao Estado acompanhado de Rodrigo Pacheco; Arthur Lira; do presidente do Tribunal de Contas da União, Bruno Dantas; do ministro do Supremo Edson Fachin, além de 13 ministros, que se juntaram a Paulo Pimenta (Secom) e Waldez Góes (Integração e Desenvolvimento Regional). Quem também veio com Lula foram os ministros Rui Costa (Casa Civil), Jose Múcio (Defesa), Fernando Haddad (Fazenda), Renan Filho (Transportes), Silvio Costa Filho (Portos e Aeroportos), Camilo Santana (Educação), Nísia Trindade (Saúde), Luiz Marinho (Trabalho e Emprego), Wellington Dias (Desenvolvimento Social), Marina Silva (Meio Ambiente), Jader Filho (Cidades), Márcio Macêdo (Secretaria-Geral da Presidência) e Alexandre Padilha (Relações Institucionais). Aulas na rede pública estadual devem ser retomadas na terça-feira em regiões menos afetadas por enchentes Em reunião realizada na tarde deste domingo (5) com os 30 coordenadores regionais de educação, a Secretaria da Educação (Seduc) definiu que as aulas da Rede Estadual do Rio Grande do Sul retornarão a partir desta terça-feira (7) para os estudantes das seguintes Coordenadorias Regionais de Educação (CRE): Uruguaiana (10ª CRE); Osório (11ª); Erechim (15ª); Rio Grande (18ª); Palmeira das Missões (20ª); Três Passos (21ª); São Luiz Gonzaga (32ª); São Borja (35ª) e Ijuí (36ª). A medida leva em consideração o fato de que essas regiões foram menos impactadas pelas enchentes e, portanto, estão aptas a retomar as atividades escolares no meio da semana. Nessas localidades, porém, a partir de segunda-feira (6), docentes e equipes diretivas estarão reunidos para atividades de planejamento e alinhamento das orientações para a retomada. Em Porto Alegre (1ª CRE) e nas coordenadorias que abrangem as regiões de São Leopoldo (2ª), Estrela (3ª), Guaíba (12ª), Cachoeira do Sul (24ª) e Canoas (27ª), ainda não há previsão de retorno. Haverá uma nova reunião na segunda-feira para avaliar a situação das demais coordenadorias: Caxias do Sul (4ª), Pelotas (5ª), Santa Cruz do Sul (6ª), Passo Fundo (7ª), Santa Maria (8ª), Cruz Alta (9ª), Bagé (13ª), Santo Ângelo (14ª), Bento Gonçalves (16ª), Santa Rosa (17ª); Santana do Livramento (19ª); Vacaria (23ª); Soledade (25ª); Gravataí (28ª) e Carazinho (39ª). A Seduc, juntamente com a Secretaria de Obras Públicas e suas regionais, segue monitorando a situação das escolas nos municípios atingidos pelas chuvas, por meio do levantamento realizado pelas CREs. De acordo com a última atualização, às 18h deste domingo, de um total de 2.338 escolas estaduais, 733, em 229 municípios, foram afetadas de alguma forma pelas chuvas. Desse número, 278 foram danificadas. Com mais de 300 municípios afetados, sobe para 78 o número de mortes confirmadas no RS O número de mortes provocadas pelos temporais no Rio Grande do Sul chegou a 78, segundo o balanço divulgado pela Defesa Civil do Rio Grande do Sul às 18h deste domingo (5). Outros 4 óbitos estavam sob investigação. Pelo menos 105 pessoas estavam desaparecidas e outras 175 ficaram feridas. No total, 341 municípios gaúchos foram afetados pelas enchentes. Mais de 190 mil pessoas estão desabrigadas ou desalojadas. O Rio Grande do Sul decretou estado de calamidade pública. Veja os números do balanço Municípios afetados: 341 Pessoas em abrigos: 18.487 Desalojados: 115.844 Afetados: 844.673 Feridos: 175 Desaparecidos: 105 Óbitos confirmados: 78 Óbitos em investigação*: 4 *Está sendo apurado se os óbitos têm relação com os eventos meteorológicos. Municípios afetados 1. Aceguá 2. Agudo 3. Alegrete 4. Alegria 5. Alto Alegre 6. Alvorada 7. Amaral Ferrador 8. Ametista do Sul 9. André da Rocha 10. Anta Gorda 11. Arambaré 12. Araricá 13. Aratiba 14. Arroio do Meio 15. Arroio do Tigre 16. Arroio Dos Ratos 17. Arroio Grande 18. Arvorezinha 19. Augusto Pestana 20. Áurea 21. Balneário Pinhal 22. Barão de Cotegipe 23. Barra do Guarita 24. Barra do Rio Azul 25. Barra Funda 26. Barros Cassal 27. Benjamin Constant do Sul 28. Bento Gonçalves 29. Boa Vista Das Missões 30. Boa Vista do Buricá 31. Boa Vista do Sul 32. Bom Jesus 33. Bom Princípio 34. Bom Retiro do Sul 35. Boqueirão do Leão 36. Brochier 37. Butiá 38. Caçapava do Sul 39. Cacequi 40. Cachoeira do Sul 41. Cachoeirinha 42. Cacique Doble 43. Caiçara 44. Camaquã 45. Camargo 46. Campina Das Missões 47. Campinas do Sul 48. Campo Bom 49. Campos Borges 50. Candelária 51. Cândido Godói 52. Canela 53. Canoas 54. Canudos do Vale 55. Capão da Canoa 56. Capela de Santana 57. Capitão 58. Carazinho 59. Carlos Barbosa 60. Carlos Gomes 61. Caseiros 62. Catuípe 63. Caxias do Sul 64. Centenário 65. Cerro Branco 66. Cerro Grande 67. Cerro Grande do Sul 68. Chapada 69. Charqueadas 70. Charrua 71. Chiapetta 72. Ciríaco 73. Colinas 74. Colorado 75. Constantina 76. Coqueiro Baixo 77. Coronel Bicaco 78. Coronel Pilar 79. Cotiporã 80. Crissiumal 81. Cristal 82. Cristal do Sul 83. Cruz Alta 84. Cruzaltense 85. Cruzeiro do Sul 86. Dezesseis de Novembro 87. Dilermando de Aguiar 88. Dois Irmãos Das Missões 89. Dois Lajeados 90. Dom Feliciano 91. Dona Francisca 92. Eldorado do Sul 93. Encantado 94. Encruzilhada do Sul 95. Engenho Velho 96. Entre Rios do Sul 97. Erechim 98. Erval Grande 99. Erval Seco 100. Espumoso 101. Estação 102. Estância Velha 103. Esteio 104. Estrela 105. Estrela Velha 106. Eugênio de Castro 107. Fagundes Varela 108. Farroupilha 109. Faxinal do Soturno 110. Faxinalzinho 111. Feliz 112. Flores da Cunha 113. Fontoura Xavier 114. Formigueiro 115. Forquetinha 116. Frederico Westphalen 117. Garibaldi 118. General Câmara 119. Gentil 120. Gramado 121. Gramado Xavier 122. Gravataí 123. Guaíba 124. Guaporé 125. Herveiras 126. Horizontina 127. Ibarama 128. Ibiaçá 129. Ibirapuitã 130. Ibirubá 131. Igrejinha 132. Ilópolis 133. Imigrante 134. Independência 135. Inhacorá 136. Ipê 137. Ipiranga do Sul 138. Iraí 139. Itaara 140. Itapuca 141. Itati 142. Itatiba do Sul 143. Ivorá 144. Jaboticaba 145. Jacuizinho 146. Jaguarão 147. Jaguari 148. Jari 149. Jóia 150. Júlio de Castilhos 151. Lagoa Bonita do Sul 152. Lagoa Dos Três Cantos 153. Lagoa Vermelha 154. Lagoão 155. Lajeado 156. Lajeado do Bugre 157. Lavras do Sul 158. Liberato Salzano 159. Mampituba 160. Manoel Viana 161. Maquiné 162. Maratá 163. Marau 164. Marcelino Ramos 165. Mariano Moro 166. Marques de Souza 167. Mata 168. Mato Leitão 169. Maximiliano de Almeida 170. Miraguaí 171. Montauri 172. Monte Alegre Dos Campos 173. Montenegro 174. Mormaço 175. Mostardas 176. Muçum 177. Não-me-toque 178. Nonoai 179. Nova Alvorada 180. Nova Bassano 181. Nova Boa Vista 182. Nova Bréscia 183. Nova Esperança do Sul 184. Nova Palma 185. Nova Petrópolis 186. Nova Prata 187. Nova Ramada 188. Nova Roma do Sul 189. Nova Santa Rita 190. Novo Cabrais 191. Novo Hamburgo 192. Novo Tiradentes 193. Novo Xingu 194. Paim Filho 195. Palmeira Das Missões 196. Palmitinho 197. Panambi 198. Pantano Grande 199. Paraíso do Sul 200. Pareci Novo 201. Parobé 202. Passa Sete 203. Passo do Sobrado 204. Passo Fundo 205. Paulo Bento 206. Paverama 207. Pejuçara 208. Pelotas 209. Pinhal 210. Pinhal Grande 211. Pinheiro Machado 212. Pinto Bandeira 213. Piratini 214. Planalto 215. Poço Das Antas 216. Ponte Preta 217. Portão 218. Porto Alegre 219. Porto Lucena 220. Porto Mauá 221. Porto Xavier 222. Pouso Novo 223. Presidente Lucena 224. Progresso 225. Protásio Alves 226. Putinga 227. Quaraí 228. Quevedos 229. Quinze de Novembro 230. Redentora 231. Relvado 232. Restinga Seca 233. Rio Pardo 234. Roca Sales 235. Rodeio Bonito 236. Rolante 237. Ronda Alta 238. Rondinha 239. Rosário do Sul 240. Sagrada Família 241. Salto do Jacuí 242. Salvador do Sul 243. Santa Clara do Sul 244. Santa Cruz do Sul 245. Santa Margarida do Sul 246. Santa Maria 247. Santa Maria do Herval 248. Santa Rosa 249. Santa Tereza 250. Santana da Boa Vista 251. Santiago 252. Santo Ângelo 253. Santo Antônio da Patrulha 254. Santo Augusto 255. Santo Cristo 256. São Borja 257. São Domingos do Sul 258. São Francisco de Assis 259. São Francisco de Paula 260. São Gabriel 261. São Jerônimo 262. São João da Urtiga 263. São João do Polêsine 264. São Jorge 265. São José Das Missões 266. São José do Herval 267. São José do Inhacorá 268. São José do Norte 269. São José do Sul 270. São Leopoldo 271. São Marcos 272. São Martinho da Serra 273. São Miguel Das Missões 274. São Paulo Das Missões 275. São Pedro da Serra 276. São Pedro Das Missões 277. São Pedro do Butiá 278. São Pedro do Sul 279. São Sebastião do Caí 280. São Sepé 281. São Valentim 282. São Valentim do Sul 283. São Vendelino 284. Sapiranga 285. Sapucaia do Sul 286. Sarandi 287. Seberi 288. Sede Nova 289. Segredo 290. Senador Salgado Filho 291. Sentinela do Sul 292. Serafina Corrêa 293. Sério 294. Sertão 295. Severiano de Almeida 296. Silveira Martins 297. Sinimbu 298. Sobradinho 299. Soledade 300. Tabaí 301. Tapes 302. Taquara 303. Taquari 304. Taquaruçu do Sul 305. Tenente Portela 306. Teutônia 307. Tio Hugo 308. Tiradentes do Sul 309. Toropi 310. Torres 311. Travesseiro 312. Três Arroios 313. Três Coroas 314. Três Forquilhas 315. Três Palmeiras 316. Três Passos 317. Trindade do Sul 318. Tucunduva 319. Tunas 320. Tupanci do Sul 321. Tupanciretã 322. Tupandi 323. Ubiretama 324. União da Serra 325. Uruguaiana 326. Vale do Sol 327. Vale Real 328. Vale Verde 329. Vanini 330. Venâncio Aires 331. Vera Cruz 332. Veranópolis 333. Vespasiano Correa 334. Viadutos 335. Viamão 336. Vicente Dutra 337. Vila Flores 338. Vila Maria 339. Vista Alegre 340. Vista Alegre do Prata 341. Xangri-lá Supremo suspende prazos de processos que envolvam o Rio Grande do Sul O presidente do Supremo Tribunal Federal (STF), Luís Roberto Barroso, ordenou a suspensão dos prazos processuais de todas as ações em andamento na Corte que envolvam o Rio Grande do Sul e seus municípios. Motivada pelo impacto das enchentes que atingem o Estado nos últimos dias, a medida vale até a próxima sexta-feira (10). A suspensão se refere a ações vindas de tribunais do Rio Grande do Sul ou cujas partes sejam representadas apenas por advogados inscritos na OAB daquele estado. A resolução assinada por Barroso também prevê que os relatores dos processos podem analisar outras situações não enquadradas pela sua medida, mas “comprovadamente afetadas pela calamidade pública”. O pedido de suspensão dos prazos foi feito pelo Conselho Federal da OAB. O Governo do Rio Grande do Sul decretou estado de calamidade pública na última quarta-feira (1º) devido às chuvas intensas que vêm causando enchentes em diversos municípios. O número de mortes provocadas pelos temporais no Rio Grande do Sul chegou a 78, segundo o balanço divulgado pela Defesa Civil do Rio Grande do Sul às 18h deste domingo (5). Outros 4 óbitos estavam sob investigação. Pelo menos 105 pessoas estavam desaparecidas e outras 175 ficaram feridas. No total, 341 municípios gaúchos foram afetados pelas enchentes. Mais de 190 mil pessoas estão desabrigadas ou desalojadas. O Rio Grande do Sul decretou estado de calamidade pública. Transtornos A falta d’água é um dos inúmeros transtornos enfrentados pelos cidadãos de todo o Rio Grande do Sul em virtude das fortes chuvas que assolaram o Estado na última semana. Ao todo, 854.486 clientes estão sem abastecimento de água (27% do total). A energia elétrica também está sendo afetada. Mais de 420 mil pontos estão sem luz no Estado. O boletim divulgado pelo governo gaúcho na noite deste domingo (5) traz a situação do fornecimento de água, energia elétrica e telefonia e o panorama nas escolas da Rede Estadual. Os dados são reunidos pela Secretaria de Comunicação, a partir de informações enviadas pelas secretarias do Meio Ambiente e Infraestrutura, de Logística e Transportes, e da Educação. Panorama nas escolas estaduais A orientação para a Rede Estadual em relação ao retorno das aulas será divulgada após reunião com todas as Coordenadorias Regionais de Educação do Estado. Dados das escolas afetadas (danificadas, servindo de abrigo, com problemas de transporte, com problema de acesso e outros): 733 escolas 229 municípios 27 Coordenadorias Regionais de Educação 247.228 estudantes impactados 278 escolas danificadas 36 escolas servindo de abrigo Escolas estaduais Aulas suspensas em toda Rede Estadual: 2.338 escolas. Dados das escolas afetadas (danificadas, servindo de abrigo, com problemas de transporte, com problema de acesso e outros): 603 escolas 215 municípios 27 Coordenadorias Regionais de Educação 199.724 estudantes impactados 224 escolas danificadas 30 escolas servindo de abrigo Pelo menos 3,5 mil animais ilhados pelas chuvas foram resgatados no Rio Grande do Sul As equipes do poder público e de voluntários resgataram ao menos 3,5 mil animais ilhados pelas chuvas no Rio Grande do Sul. Os dados são da Agência Brasil. Porém, o número deve ser bem maior, já que se formaram diversos grupos de voluntários para o salvamento de cães e gatos que ficaram para trás devido às enchentes que assolam o estado. Somente as equipes do poder público resgataram 3,2 mil animais até a noite desse sábado (4). A proprietária de um pet shop e de uma creche de animais em Esteio (RS), Carla Ebert, contou que recepcionou, apenas no sábado, 50 animais deixados pra trás nas enchentes. Ela relata que pessoas comuns estão resgatando os animais ilhados e levando para um abrigo cedido pela prefeitura. “É muito animal. É uma coisa absurda. A gente vai ver quando baixar a água, a gente nem está preparado para isso, devido aos que morreram. É muito triste”, lamentou Carla. “A gente se organizou como pode e as pessoas foram levando os animais”, completou. A organização não governamental (ONG) Grupo de Resposta a Animais em Desastre (Grad Brasil) informa que, apenas em um dia, realocaram cerca de 100 animais nos municípios de Esteio e São Sebastiao do Caí, na região metropolitana de Porto Alegre. “É muito animal gente, na pontinha do telhado, é muito animal preso na janela, é muito animal que está nadando incansavelmente, é muito, muito, não consigo passar um número de tantos animais que são”, informou em uma rede social Carla Sássi, coordenadora do Grad. Sássi acrescentou que a organização precisa de um barco com motor para ampliar os salvamentos, já que a correnteza é forte. “Os pedidos por resgates não param de chegar, mas muitas áreas continuam inacessíveis. Precisamos aumentar nossa equipe a campo e estamos solicitando apoio de embarcações a motor para salvar o maior número de animais possível”, afirmou, em nota, a Grad Brasil. Outra organização que tem atuado no resgate e cuidado de cães e gatos ilhados é a Campo Bom pra Cachorro, que fica no município de Campo Bom (RS), na região metropolitana de Porto Alegre. De acordo com a ONG, eles regataram 80 animais em um único dia, chegando a 200 animais ao todo retirados da água pelos voluntários. A quantidade de animais resgatados foi tão grande que eles não têm mais espaço para receber novos animais e pedem a ajuda de outras pessoas nas redes sociais para que possam acolher, temporariamente, os bichinhos perdidos devido aos alagamentos. Nível do Guaíba atinge marca histórica de 5 metros e 33 centímetros Às 8h desse domingo (5), o Guaíba atingiu 5,33 metros, mais alta marca já verificada em Porto Alegre. Desde o início da semana passada, a água continua em níveis recordes devido às chuvas em excesso que atingiram o Rio Grande do Sul nos últimos dias. Esta é a maior cheia da história da capital gaúcha, ultrapassando os 4,75 metros registrados em 1941. O nível do Guaíba quebrou a marca histórica na sexta-feira (3), quando a água chegou a 4,77 metros. Na tarde do dia anterior, sua água já havia transbordado e invadido o Cais Mauá e, na sequência, ruas e avenidas do Centro Histórico da capital gaúcha, até chegar à Rua dos Andradas. A estação rodoviária da cidade foi inundada e 95% das viagens foram suspensas. Já o Aeroporto Salgado Filho foi fechado. Horas antes, a Defesa Civil já havia reforçado o alerta para “risco de inundação extrema” em áreas próximas da orla, incluindo trechos das Zonas Sul e Norte da capital gaúcha, além de outras cidades. Em novembro do ano passado, quando o Estado também sofreu com enchentes, o Guaíba havia alcançado um pico de 3,46 metros. A cota de inundação é de 3 metros, conforme o Centro Integrado de Coordenação de Serviços (Ceic) de Porto Alegre. Confira, em ordem cronológica, as mais altas medições na régua da região nos últimos séculos: – 1873: 3,50 metros. – 1914: 2,60 metros. – 1928: 3,20 metros. – 1936: 3,22 metros. – 1941: 4,75 metros. – 1967: 3,13 metros. – 1984: 2,60 metros. – 2015: 2,94 metros. – 2016: 2,65 metros. – 2023 (setembro): 3,18 metros. – 2023 (novembro): 3,26 metros. – 2024 (maio): 5,33 metros. Os temporais já deixaram 78 mortos. Há também 105 desaparecidos e 175 feridos. A Defesa Civil soma 134,3 mil pessoas fora de casa, sendo 18,4 mil em abrigos e 115,8 mil desalojadas, que recebem acolhimento em residências de familiares ou amigos. Ao menos 332 das 497 cidades gaúchas registram transtornos por causa das chuvas em excesso, afetando um total de 844.673 mil pessoas. Previsão O hidrólogo da Sala de Situação do Estado do Rio Grande do Sul, Pedro Camargo, estima que o nível do rio deve permanecer acima de 3 metros pelos próximos 25 dias. Trata-se da cota de inundação, ou seja: acima dessa altura, há alagamento. “Embora não esteja chovendo forte em Porto Alegre nesse momento, ainda tem muita água chegando do rio Jacuí, então o Guaíba deve ficar variando entre 5 metros e 5 metros com 10 centímetros por dois ou três dias. Já nos próximos cinco a dez dias, deve permanecer acima de 4 metros”. Levando-se em consideração o tempo que levou para a água baixar na enchente de 1941, bem como o maior volume de chuvas de agora, a expectativa é de pelo menos 25 dias para o nível da enchente ficar abaixo dos 3 metros. Governador gaúcho diz que o Estado precisará de programa de recuperação similar ao da Europa depois da Segunda Guerra Mundial Em um de seus pronunciamentos nesse fim de semana, o governador gaúcho Eduardo Leite afirmou que a reconstrução de áreas do Rio Grande do Sul devastadas pelas chuvas nos últimos dias exigirá um “Plano Marshall”. Ele se referiu ao célebre programa de auxílio financeiro deflagrado pelos Estados Unidos em países europeus após a a destruição causada pela Segunda Guerra Mundial (1938-1945). “Precisaremos de um ‘Plano Marshall’, no sentido de uma iniciativa de de excepcionalidade em projetos e recursos”, comparou durante conversa com jornalistas. “O povo que foi vítima da tragédia não pode ser também vítima de desassistência. Mesmo quando a chuva parar, teremos dias difíceis pela frente e precisaremos de toda a ajuda possível.” Ele estava acompanhado dos ministros Paulo Pimenta (Secretaria de Comunicação Social) e Waldez Góes (Desenvolvimento e Integração Regional), integrantes da segunda comitiva liderada pelo presidente Luiz Inácio Lula da Silva desde a última quinta-feira (2). Eduardo Leite também agradeceu ao governo federal pelo apoio ao enfrentamento da pior tragédia climática na história conhecida do Rio Grande do Sul. Em um momento no qual os gaúchos ainda contabilizam perdas humanas, materiais e financeiras, ele também voltou a bater na tecla da importância de se deixar as diferenças de lado: “A bandeira do Rio Grande do Sul é hoje a bandeira de todo o Brasil. Todos nós, líderes políticos, devemos nos colocar à altura do fato, independente de partido, corrente ideológica ou qualquer outra diferença. E é isso que eu sinto na disposição de todas as partes”. Referência histórica O “Plano Marshall” recebeu essa denominação em referência ao seu criador, o general George Catlett Marshall, dos Estados Unidos – um dos integrantes do grupo de vencedores (os Aliados) do conflito mundial contra a aliança formada por Alemanha, Itália e Japão (o Eixo). No foco estavam empréstimos de grandes somas aos governos nacionais contemplados, mediante baixas taxas de juros. Encerrada a guerra em 1945, um dos saldos negativos de oito anos de confronto foi a devastação da maior parte da Europa Ocidental, principal palco de batalhas e bombardeios. O governo norte-americano implementou entre 1948 e 1952 o programa de aceleração do processo de restabelecimento de economias e infraestruturas arrasadas. O nome oficial do plano era “European Recovery Program” (Programa de Recuperação Europeia, em livre tradução para a língua portuguesa). Estima-se que os Estados Unidos tenham injetado o equivalente a mais de 130 bilhões de dólares (valores de hoje) em ações no Reino Unido, França, Holanda e até mesmo nas derrotadas Itália e Alemanha. Dentre os alvos do financiamento estavam os setores da indústria, agricultura e comércio exterior. A iniciativa se deu por meio da criação de órgãos internacionais como a Organização para a Cooperação Econômica Europeia (Oeec), que futuramente evoluiria para a atual Organização para a Cooperação e Desenvolvimento Econômico (OCDE). Santa Catarina faz doação de bolsas de sangue para vítimas no RS Santa Catarina enviou bolsas de sangue para ajudar as vítimas dos temporais no Rio Grande do Sul. Além disso, o estado catarinense mandou nesse domingo (5) uma segunda aeronave ao estado gaúcho para ajudar em resgates. O transporte das bolsas de sangue foi feito pelo Serviço de Atendimento Móvel de Urgência (Samu) por terra até Passo Fundo (RS). Dessa cidade, o material será levado de helicóptero a outras regiões do estado gaúcho afetadas pelos temporais. A Secretaria da Saúde de Santa Catarina disse que, ao longo da próxima semana, serão encaminhadas mais bolsas de sangue, que estão sendo coletadas no Centro de Hematologia e Hemoterapia de Santa Catarina (Hemosc). Conforme a secretaria, quem quiser ajudar pode ir aos hemocentros a partir desta segunda-feira (6). Para checar os horários, visite o site do Hemosc. É preciso fazer um agendamento. Segunda aeronave Nesse domingo, o helicóptero da Polícia Civil de Santa Catarina que fica em Chapecó, no Oeste do estado, foi enviado ao Rio Grande do Sul pela manhã. “Nós vamos ficar na base aérea de Canoas e, a partir daqui, vão ser designadas as missões, tanto na região de Porto Alegre, Lajeado e outras do estado”, disse o coordenador do Serviço Aeropolicial de Fronteira (Saer-Fron) em Chapecó, Albert Dieison Silveira. Essa aeronave se junta à equipe que está atuando no estado vizinho há quatro dias. Policiais e bombeiros militares estão empenhados no trabalho de resgate, principalmente nas áreas ilhadas e de difícil acesso. A aeronave que já estava no Rio Grande do Sul antes é um helicóptero da Polícia Militar de Santa Catarina. Ajuda aos gaúchos Pelo menos 516 pessoas e 84 animais ilhados nas enchentes do Rio Grande do Sul foram resgatados pelo Corpo de Bombeiros de Santa Catarina desde quarta-feira (1º), informou a corporação no sábado. O estado vizinho tem 78 mortes confirmadas e 105 desaparecidos por causa dos temporais. A maioria dos resgatados, segundo os bombeiros, aguardava socorro em cima de telhados e até em árvores. Ao todo, 32 bombeiros militares de Santa Catarina atuam em diversas regiões do estado gaúcho com 10 viaturas 4×4, 11 embarcações e equipamentos para resgates em deslizamentos. Por causa do agravamento da situação na região de Porto Alegre, as equipes catarinenses devem se deslocar para a área da capital gaúcha. “Nosso município tem 40 mil pessoas e cerca de 25 mil estão desabrigadas”, desabafa o prefeito de Eldorado do Sul O prefeito de Eldorado do Sul, Ernani de Freitas Gonçalves, declarou nesse domingo que a cidade está enfrentando uma “extrema calamidade” devido às chuvas e enchentes devastadoras que assolam o Rio Grande do Sul. Gonçalves descreveu a situação como desoladora, afirmando que “acabou o nosso município”, devido ao isolamento da cidade em relação aos vizinhos e ao fato de que o centro foi 100% atingido, tornando o acesso possível apenas por helicóptero. Segundo João Ferreira, coordenador da Defesa Civil de Eldorado do Sul, a cidade está enfrentando uma situação de emergência sem precedentes. “Todos os bairros da cidade foram atingidos, onde muitas pessoas se encontram em situações extremas, aguardando por socorro”. O prefeito do município afirmou que grande parte da população já foi resgatada. Cerca de 5 mil pessoas na cidade estão desassistidas de alimentos, sendo 300 no segundo piso de uma escola. O prefeito deseja levar no mínimo 500 pessoas para algum abrigo e acomodar o restante no segundo piso de prédios. Também é necessário avaliar a gravidade dos casos de afetados para socorrê-los e levá-los a outros municípios, como Porto Alegre. Gonçalves descreveu um cenário de guerra no município: a maior parte dos carros está submersa; mercados e farmácias estão sendo saqueados em meio à fome; e a maior parte dos estoques dos estabelecimentos foi perdida. A cidade permanece em estado crítico, e a recuperação pode levar vários dias, com a mobilização de esforços sendo crucial para enfrentar essa terrível emergência. Com uma população de cerca de 40 mil habitantes, estima-se que entre 20 mil e 30 mil pessoas estejam desabrigadas. Cidade submersa Localizada na região metropolitana de Porto Alegre, a cidade de Eldorado do Sul está praticamente toda submersa. As vias de acesso a algumas localidades estão bloqueadas pela água ou por deslizamentos e quedas de árvores ou pedras. Uma barragem localizada na cidade está entre as 19 em estado de alerta ou atenção. Parte da população está sem energia elétrica e mais da metade dos quase 40 mil habitantes do município foi, de alguma forma, afetada pelas consequências das chuvas que já mataram 78 pessoas em todo o Rio Grande do Sul. A rede telefônica está instável e, em boa parte do tempo, telefones fixos e móveis simplesmente não têm sinal. Quase 7,6 mil pessoas estão acolhidas em 60 abrigos temporários em Porto Alegre Quase 7,6 mil pessoas estão acolhidas em pelo menos 60 abrigos temporários devido às enchentes em Porto Alegre, informou a prefeitura nesta segunda-feira (6). O ponto de referência para os desabrigados é o Teatro Renascença, na avenida Erico Verissimo. A Sogipa, no bairro Higienópolis, também está servindo de apoio primário para as pessoas que estão em regiões próximas. A prefeitura pede doações de colchões, travesseiros, toalhas, roupas de cama, água, fraldas e materiais de higiene. Os endereços dos pontos de coleta podem ser acessados aqui. Aulas A rede municipal de ensino segue sem aulas pelo menos até quarta-feira ( . Três instituições atuam como alojamento provisório nas áreas atingidas pelas enchentes. As demais acolhem alunos, familiares e a comunidade conforme a demanda. Nível do Guaíba O nível das águas do Guaíba amanheceu nesta segunda em 5,26 metros. A cota de inundação é de 3 metros. Rio Grande Notícias Atuais   Meus endereços de canais de notícias  * ATENÇÃO _leia_  ABAIXO*    You Tube da página https://youtube.com/@Riograndino2012?si=cU5bodfQLa96vYYC Telegram da página   https://t.me/riograndenoticiasatuais Canal do WhatsApp   https://whatsapp.com/channel/0029Va5DWHI9sBI87cLXVQ0q Grupo do WhatsApp   https://chat.whatsapp.com/HyTjGIPSSqrJh015bYnrXA Página do Facebook  https://www.facebook.com/RGNotAtuais?mibextid=ZbWKwL"
enchente,dataset\enchente\9c7d21b8fcc340b0cbce6f92750edf79.jpg,"ALERTA MÁXIMO |  DEFESA CIVIL DO RS EMITE RISCO DE INUNDAÇÕES, ALAGAMENTOS E DESLIZAMENTOS EM VÁRIAS REGIÕES DO ESTADO   O Centro de Monitoramento da Defesa Civil Estadual atualizou o mapa de risco para os próximos dias e elevou o nível de atenção para INUNDAÇÃO em parte do Rio Grande do Sul.  O que está previsto:  Chuva intensa entre segunda (7)  e terça ( , com acumulados de 50 a 100 mm/dia  Risco de inundações em rios e arroios, especialmente no Litoral Norte e nas cabeceiras do rio dos Sinos  Possibilidade de alagamentos urbanos, cheias em pequenos rios, deslizamentos de terra e enxurradas em áreas com declives  Atenção redobrada se você mora:  Em áreas com histórico de inundações  Perto de encostas ou barrancos  Em zonas urbanas com alagamentos rápidos  O que fazer:  Não enfrente o mau tempo  Observe rachaduras, postes inclinados ou árvores instáveis  Desligue aparelhos elétricos se necessário  Proteja pertences com sacos plásticos  Em caso de emergência:  199 (Defesa Civil) ou 193 (Bombeiros)  COMPARTILHE e MARQUE QUEM MORA EM ÁREA DE RISCO PARA SE MANTER EM ALERTA ! #AlertaRS #ChuvaForte #DefesaCivil #Portal386Digital #ocaminhodainformação #enchente #alagamentos #riodossinos #rs"
enchente,dataset\enchente\8b56745ac42a8b8216bdf43acf3d1714.jpg,Milhões de residências possuem seguro abaixo do necessário; prêmios a serem pagos não refletem riscos de incêndios ou inundações
enchente,dataset\enchente\3a2c2b864e824633e8c65b1d013e4dbb.jpg,"Vera Salbego: ""As chuvas torrenciais que caíram durante aquele mês não trouxeram apenas água: trouxeram angústias, inundações e a perda da sensação de segurança que uma casa deve proporcionar"". Leia a matéria completa no site: https://www.reporterguaibense.com.br/.../o-medo-das... Oferecimento de: MERCADO MARQUES (@marquesmercado)- Receba as ofertas no WhatsApp: (51) 99539-6430 COLÉGIO ULBRA MARTINHO LUTERO (@colegiomartinholutero) - Ofereça o melhor para quem você mais ama! Matrícule seu filho! Vamos construir essa trajetória juntos! Afinal, um futuro brilhante começa com uma educação de qualidade! Contato: https://linktr.ee/cmartinholutero LAIFER LABORATÓRIO (@laiferlaboratorio) - Há mais de 50 cuidando da sua saúde, desde 1970. Convênios com IPÊ Saúde, CABERGS, SUL América e Golden Cross. Entre em contato pelo nosso Whats (51) 9799-7767 Divulgação #guaiba #cronica #chuva #medo"
enchente,dataset\enchente\779b91ab84f56fc8c5c01755062542fd.jpg,"CONJUNTO DE PROPRIEDADES EM ÁREA ALTA DE PORTO ALEGRE Venda de propriedades vizinhas no bairro Independência, cujos terrenos perfazem juntos aproximadamente 1700 m2. Totalmente seguras em relação ao risco de inundações e muito bem localizadas. Estão a apenas 200 metros do Hospital Moinhos de Vento e ao lado do Shopping Total. A região pode ser denominada como Hub da Medicina em Porto Alegre, já que possui vários hospitais, além de consultórios e clínicas médicas. Ideal para o desenvolvimento de projetos que priorizam a área da saúde, área da hotelaria de luxo, área da educação ou, ainda, projetos mistos de condomínio residencial/comercial. Seja para investir ou para empreender, são imóveis que certamente proporcionarão alto retorno àqueles que souberem aproveitar esta grande oportunidade em Porto Alegre, especialmente para investidores e incorporadoras que desejam se introduzir com vantagem no mercado imobiliário Gaúcho. Para mais informações ou agendar visita, envie WhatsApp para 51-995298311."
enchente,dataset\enchente\da9638e2b393b607c89a696f00e87eb0.jpg,Porto Alegre - Brasil  Inundações  - 04/05/2024 Rua dos Andradas - Centro Histórico Foto; Mauricio Wagner
enchente,dataset\enchente\a064850f63067c76df7026582ea779a6.jpg,Desafio *minha cidade  Local Porto Alegre \Mercado Público Municipal  Enchente 2024 “Não é minha foto
enchente,dataset\enchente\05dbf3faaca1fb90329bc15a52869af8.jpg,Porto Alegre - Brasil  Inundações - 04/05/2024 Rua dos Andradas esquina Rua João Manoel Centro Histórico Foto; Mauricio Wagner
enchente,dataset\enchente\814d1f4afbea889c22b4461e02f73060.jpg,Inundações 2024 - Porto Alegre - Brasil  Esta foi a rotina para muitos no centro da cidade nas últimas duas semanas. Foto; Mauricio Wagner
enchente,dataset\enchente\e29a49e699fa04f8a4e329c98bc34ff4.jpg,"Ontem à tarde, fui, com minha filha, ao centro de Porto Alegre para ver parte dos estragos que a enchente deixou na cidade. Na foto, uma vista da parte da Borges de Medeiros logo abaixo da rua da Praia, a que dá para o Mercado Público, uma das imagens icônicas da capital gaúcha. Tudo alagado, tudo devastado. Cenários de tantas memórias já não são, e nunca mais serão, os mesmos. Haverá sempre um tempo antes e um tempo depois destas cheias de fim de abril e começos de maio de 2024."
enchente,dataset\enchente\f869766f41f7f7791c31f1567c107227.jpg,"Hoje começa o festival Sàngó Ọ̀yọ́ 2024, fazendo parte desta grande família me sinto na obrigação de estar presente e também é um prazer poder trazer um pouco da religião tradicional Yorubá Isin Orisa Ibilé para todos.  Muitas novidades e surpresas nos próximos dias . Através da vivência aprendemos a fazer a cultuar o sagrado .  No dia 14 de dezembro estarei trazendo um pouco de tudo isso através do Osé Osun e Egbe Orun em Porto Alegre no ilé de Osun . Desde já deixo o convite.    A foto foi realizada hoje a tarde no mercado de Akesan.  Eu estarei trazendo fotos e vídeos diretamente dos lugares sagrados , convido a todos a mergulharem comigo neste passeio agregando a cultura sobre do patrimônio imaterial Yorubá. #oyo #aafin #sango #osun Ore yeye Osun ooo"
enchente,dataset\enchente\a071ec409e97c4a0625202693f42df7a.jpg,08h10!! 27/09!! #PublicaçãoExtra!! Refluxo do Lago Guaíba na rede de drenagem do Cais Mauá no Centro Histórico de Porto Alegre: Foto 01- 07h43; Foto 02 - 07h51; Foto 03 - 07h55; Foto 04 - 07h58. Exemplo em Esteio: um dos primeiros locais que alagam quando temos enchente grande é  a Vila Osório onde ocorre o refluxo pela rede de drenagem. Com o passar das horas o ciclone vai se afastando e seu vento reduzindo aqui e termina o represamento do fluxo do Guaíba e a água começa a baixar no cais.
enchente,dataset\enchente\dd76fd900588a3c23dedfbe02c08d6da.jpg,Inundações 2024 - Porto Alegre - Brasil  Aos poucos as águas vão baixando junto à Rua dos Andradas em frente à Praça da Alfândega no centro da cidade. Foto; Maurício Wagner
enchente,dataset\enchente\b9cc557ba58a075188c52572e632e3a3.jpg,"Há cerca de um ano, Veridiana teve que deixar a casa e o bairro em que morou por anos devido às enchentes que assolaram Estrela, município no Rio Grande do Sul. Neste vídeo, ela conta suas memórias e o impacto de sair do local onde cresceu. Mais de 870 mil pessoas foram diretamente afetadas pelas enchentes no estado no final de abril de 2024. Prestes a completar um ano das enchentes, lembramos que a migração e o deslocamento podem ser uma forma e uma consequência de perdas e danos não econômicos associados à mudança do clima.  “A gente vai ter que se adaptar com o clima” foi a mensagem que Veridiana deixou no vídeo. Assista!"
enchente,dataset\enchente\cdba88bd90a8d3b67b9cc731dfef97b7.jpg,"S.O. S  tragédia no Rio Grande do Sul. Grande enchente. Bairro Matias velho em Canoas é invadido pelas águas da grande cheia . Vivem base de 100 mil pessoas neste bairro. Água continua subindo . Fujam ... Vídeo  Madrugada de 04 de maio de 2024 .  Moradores do bairro Matias Velho fujam da região. Forças Armadas socorram as pessoas do Bairro Matias Velho na cidade de Canoas, é preciso barcos, e logística de resgate, barracas e alimentação. Vídeo Sul do Brasil, cidade de CANOAS. * Ruas citadas no vídeo."
enchente,dataset\enchente\6ade81a04e8106d576c614366bde33b5.jpg,"SECRETÁRIA DE TAPES PARTICIPA DO PRÉ-SOUTH SUMMIT EM PORTO ALEGRE Nesta terça-feira, 8 de abril, a secretária de Indústria, Comércio e Desenvolvimento Econômico de Tapes, Adriana Korzenowski, participou do Pré-South Summit 2025, representando o município em um dos principais encontros voltados à inovação, desenvolvimento econômico e mercado de trabalho no Rio Grande do Sul. O evento aconteceu no Tribunal de Contas do Estado, em Porto Alegre, dentro da programação do Fórum de Secretários Municipais de Desenvolvimento, Trabalho e Inovação, reunindo gestores públicos, representantes de entidades e autoridades estaduais. Ao longo do dia, foram promovidos debates e painéis com nomes de destaque, como o vice-governador do RS Gabriel Souza, o secretário do Desenvolvimento Econômico do RS Ernani Polo, além de lideranças da área econômica e empreendedora, como Rodrigo Sousa Costa (presidente da Federasul), Lauren Momback (presidente da Junta Comercial do RS), e representantes da Sedec e da Organização Internacional para as Migrações (OIM Brasil). A presença da secretária Adriana fortalece a conexão de Tapes com as políticas públicas voltadas ao desenvolvimento e inovação, trazendo novas perspectivas e oportunidades para o crescimento econômico do município. • ASCOM Prefeitura de Tapes .. ... ....  𝙀𝙣𝙩𝙧𝙚 𝙣𝙤 𝙣𝙤𝙨𝙨𝙤 𝙜𝙧𝙪𝙥𝙤 𝙙𝙚 𝙣𝙤𝙩𝙞̄𝙘𝙞𝙖𝙨 𝙣𝙤 𝙬𝙝𝙖𝙩𝙨𝙨𝙖𝙥 𝙚 𝙧𝙚𝙘𝙚𝙗𝙖 𝙉𝙤𝙩𝙞́𝙘𝙞𝙖𝙨 𝙚𝙢 𝙥𝙧𝙞𝙢𝙚𝙞𝙧𝙖, 𝙖𝙘𝙚𝙨𝙨𝙚:  https://chat.whatsapp.com/BheslzJUwAVA707rqpdeqy . .."
enchente,dataset\enchente\02e20f20169d7e5daad4b4cda71fcf63.jpg,Igual a do Rio Grande do Sul Brasil
enchente,dataset\enchente\30450c353caade9f758ecd34cf050362.jpg,"11 DE JANEIRO DE 2011, DATA DA MAIOR TRAGÉDIA NATURAL OCORRIDA NO BRASIL NAS CIDADES DE TERESÓPOLIS, PETRÓPOLIS, NOVA FRIBURGO, SUMIDOURO, SÃO JOSÉ DO VALE DO RIO PRETO E BOM JARDIM NA REGIÃO SERRANA E AREAL NA REGIÃO CENTRO-SUL. UMA DAS MAIORES DO MUNDO! VEIO DINHEIRO (MUITO DINHEIRO), QUE DESAPARECEU. NINGUÉM FOI PRESO, NINGUÉM FOI PUNIDO, O NÚMERO DE VÍTIMAS SUPERAM AS DIVULGADAS E A VIDA SEGUE SEU CURSO, AOS TRANCOS E BARRANCOS, QUE COSTUMAM CAIR. Fotos: Internet #teresopolis"
enchente,dataset\enchente\a038bba1c6410c3044005ef8283e6c32.jpg,"A Secretaria de Estado de Polícia Militar lamenta a morte do Cabo Haron Coelho Ferreira. Na madrugada desta quinta-feira (15/04), policiais militares do Batalhão de Policiamento em Vias Expressas (BPVE) sofreram um ataque criminoso na Linha Vermelha, na pista sentido Centro da cidade do Rio, próximo do acesso à Ponte Rio-Niterói. A viatura foi atingida por disparos de arma de fogo feitos por criminosos em um veículo ainda não identificado. Dois policiais ficaram feridos e foram socorridos ao Hospital Central da Polícia Militar (HCPM) por outras equipes que seguiram em apoio para o local do fato. Infelizmente, o Cabo Haron não resistiu. O segundo policial militar ferido segue internado no HCPM e apresenta estado estável. As equipes do BPVE deslocadas fizeram vasculhamento na área. Ainda na via, uma pistola calibre 9 mm, dois carregadores de fuzil e munições foram encontrados abandonados e apreendidos. A perícia da Delegacia de Homicídios da Capital foi acionada. O Cabo Haron tinha 29 anos e estava na Corporação desde 2011. Ele deixa esposa e uma filha. Até o momento, não temos confirmação de horário e local do sepultamento."
enchente,dataset\enchente\ffe9e7cf1281996dd3caf6dbb0df291e.jpg,"São tristes as imagens da catástrofe ambiental causada pelas chuvas em Petrópolis, no Rio de Janeiro. O temporal que gerou deslizamentos e inundações em diversos pontos da cidade já deixa 35 mortos. Só neste ano, os fortes temporais já atingiram cidades na Bahia, MG e SP. Confiram os locais que recebem doações e abrigam desalojados: Centro de Educação Infantil Chiquinha Rolla Escola Estadual Augusto Meschick Escola Municipal Alto Independência Escola Municipal Ana Mohammad Escola Municipal Doutor Paula Buarque Escola Municipal Dr. Rubens de Castro Bomtempo Escola Municipal Duque de Caxias Escola Municipal Governador Marcello Alencar Escola Municipal Odette Fonseca Escola Municipal Papa João Paulo II Escola Municipal Rosalina Nicolay Escola Municipal Stefan Zweig Escola Paroquial da Igreja Bom Jesus Quadra do Boa Esperança Futebol Clube Salão Paroquial da Igreja São Paulo Apóstolo"
enchente,dataset\enchente\4fec8bb3265cf058f293cbd8d82fce6d.jpg,"2021 foi um ano extremamente difícil, marcada por tragédias, desde o colapso de saúde em Manaus até às inundações na Bahia. E a pior delas: ter como responsável #BolsonaroVagabundo. Desejo a vcs saúde, trabalho e #LulaNoPrimeiroTurno em 2022"
enchente,dataset\enchente\609dda0d8f1f85ca1e01499737571091.jpg,"Atual cenário do Angari, bairro histórico de Juazeiro, hoje pela manhã  (15).  _ As regiões do Submédio e do Baixo São Francisco estão tendo vazões de água em patamares muito elevados, por conta das fortes chuvas que acontecem desde dezembro de 2021 e se intensificaram em janeiro deste ano. Com isso, a Companhia Hidroelétrica do São Francisco (Chesf) emitiu um alerta de que a vazão está subindo gradualmente e vai alcançar até 4.000 m³/s no próximo dia 24 de janeiro. Uma vazão com esse volume não era praticada desde 2009. A Defesa Civil das cidades de Juazeiro na Bahia e Petrolina em Pernambuco alertam os moradores ribeirinhos que fiquem atentos, para o aumento de volume das águas do Rio São Francisco. O Angari, bairro de pescadores de Juazeiro–BA, está situado abaixo do dique de proteção, e por isso, sujeito a sofrer inundações com vazões a partir de 3.000 m³/s.  Fonte da notícia: @cartazdacidade : @iuri.marcel #juazeiro #bahia #valedosaofrancisco #riosaofrancisco #velhochico #cheiadosaofrancisco"
enchente,dataset\enchente\35cf2cc0f98b5ef0a4d195daba244c70.jpg,"Chuvas deixam 5 mortos e 3.700 desabrigados na Bahia; 70 mil foram afetados! As chuvas no sul da Bahia deixaram cinco mortos, 3.700 desabrigados e afetaram diretamente a vida de quase 70 mil pessoas, segundo a Defesa Civil do Estado. O número de feridos chega a 175. Em Minas Gerais, que também sofre com as enchentes, duas pessoas morreram na última semana.  As enchentes no sul baiano e no norte de Minas foram provocadas por um ciclone extratropical formado na costa sul do país, as chuvas chegaram a gerar 450 mm de chuvas no extremo sul da Bahia no meio da semana. De acordo com o prefeito de Camacan, Paulo do Gás (Podemos), estas são as piores inundações dos últimos 35 anos. Isso esta acontecendo no mundo todo pessoal, as mudanças climáticas estão sendo causadas em todo o planeta.. O que acontece minha gente, é que um sistema solar invasor esta se aproximando do nosso, e esta perturbando todos os corpos celestes do nosso sistema solar, e vai piorar.. é só o começo!  Deixo aqui a minha solidariedade aos nossos irmãos da Bahia, e de Minas Gerais, que possam reconstruir suas casas, infelizmente teve 5 pessoas mortas na Bahia e 2 em Minas..  que Deus nos proteja, e que a gente consiga suportar as coisas que virão!  Fontes nos links abaixo  1º https://noticias.uol.com.br/.../chuvas-sul-da-bahia... 2º https://www.youtube.com/watch?v=UzMGF4eYwUE #EfeitosNibiru #MudançasClimáticas"
enchente,dataset\enchente\b69806b1eae73c4e3686ab458113d10a.jpg,"Boa tarde, o #TVERevista está no ar.   Confira as atualizações dos impactos da chuva nas regiões sudoeste, sul e extremo sul da Bahia. AO VIVO a situação do Rio Cachoeira, em Itabuna, que transbordou e invadiu imóveis da região. Rodovias foram atingidas pelos temporais e barragens romperam após inundações. Governador Rui Costa fala sobre auxílio para as vítimas das enchentes. O secretário da educação, Jerônimo Rodrigues, faz o balanço do ano letivo de 2021 e fala sobre a importância das escolas na assistencia às pessoas afetadas pela chuva. Veja como doar para as famílias em situação de risco. Tem também o esquema de vacinação contra a covid-19, as notícias do esporte e a sua participação pelo nosso whatsapp: 71 99626-0307  #Aovivo #Notícias #TVEBahia"
enchente,dataset\enchente\9e49a73842d682a9b88b934bc5c2047b.jpg,"MIGRANTES DO CLIMA | Desde 2021, quatro enchentes inundaram Dário Meira, no sul da Bahia. As tragédias têm alavancado migrações dos moradores para outros estados e cidades, mas também dentro do próprio município. Um bairro local, localizado em uma parte mais alta, tem se tornado o novo endereço de quem perdeu tudo em inundações. No ano passado, 26 milhões de pessoas no mundo viviam deslocadas depois de tragédias climáticas. O que o Estado tem feito diante disso? Entenda na reportagem completa da repórter Fernanda Santana no correio24horas.com.br"
enchente,dataset\enchente\20ad27630d7fef7dbbff2759b5970f15.jpg,"Cidade de Guaporé, Rio Grande do Sul, Brasil. Maio de 2024 ."
enchente,dataset\enchente\09bea9764a3658cec81637719312630c.jpg,"As inundações no Rio Grande do Sul provocaram a morte de 83 pessoas até 6 de maio. Em meio à tragédia, conteúdos falsos sobre supostos corpos que aparecem boiando têm circulado pelas redes sociais e alimentado pânico na população. Entre os dias 5 e 6 de maio, a reportagem da Lupa recebeu ao menos dois áudios diferentes de depoimentos, sem provas, imagens ou confirmação de órgãos oficiais, de cadáveres que teriam sido encontrados na água. Confira!    Atualização em 7/5/2024, às 11h31: Na segunda-feira (6), uma mulher que alega ter sido a primeira a receber o áudio com relato do socorrista, Gabriela Klein, publicou um vídeo no Instagram informando que a gravação é real. Ela disse que o autor do depoimento é seu amigo pessoal e que ele teria enviado o relato às 16h42 de domingo (5). A mensagem teria vazado na internet depois que ela compartilhou em seu grupo de trabalho. Na manhã desta quinta (7), a reportagem da Lupa entrou em contato com Gabriela e pediu o contato do socorrista. Ela informou que, neste momento, “ele não quer falar” e que jornais de vários lugares do país estão tentando conversar com ele.   Leia em: https://bit.ly/bebesrs   Acesse lupa.news e não caia em desinformação!  #Lupa #reportagem #desinformação #riograndedosul #enchentesnors"
enchente,dataset\enchente\74b182c852113db492114b1cccee70a1.jpg,"Porto Alegre, Rio Grande do Sul   03 de maio de 2024. Maior enchente desde 1941, um dia triste aqui  Só espero que tudo passe logo, e que quem está em situação de risco consiga se recuperar o mais breve possível  . . . . . . . . #portoalegre"
enchente,dataset\enchente\74ce8b0b5bc90a4e463932e99bfb9d32.jpg,"Pior enchente da história Maio/2024, no nosso Rio Grande do Sul  #enchente #riograndedosul #portoalegre #chuvas #Clima #sosriograndedosul"
enchente,dataset\enchente\7d603dc64e4e46690d348269352369ad.jpg,"""PIB do RS cresce 4,9% em 2024, puxado pelo setor agropecuário"" (Zero Hora); ""Impulsionado pelo agro, PIB do Rio Grande do Sul cresce 4,9% em 2024"" (Correio do Povo); ""PIB do Rio Grande do Sul cresce 4,9% em 2024"" (Jornal do Comércio); ""Apesar das enchentes de maio, PIB do RS cresce 4,9% em 2024"" (Sul21). Impulsionado pela recuperação da agropecuária, a economia do RS cresceu 4,9% em 2024, acima dos 3,4% registrados no Brasil. É isso que noticia e comemora a imprensa gaúcha. Já o governador Eduardo Leite diz que os números positivos, que superam o índice nacional, traduzem esforço da sociedade gaúcha: ""O resultado mostra a força da nossa economia e a capacidade de reação do nosso povo. O PIB é um número que traduz esforço coletivo. É fruto do trabalho de quem produz, empreende, investe e acredita no nosso Estado. Seguiremos avançando para que o crescimento chegue a todos, em todas as regiões do Rio Grande do Sul"". É uma imprensa rasteira! É um governador rasteiro! Ninguém fez referência ao principal responsável pelo surpreendente desempenho da economia gaúcha, no ano da catastrófica enchente. E quem foi o principal responsável? O presidente Lula, que injetou R$ 100 bilhões na economia local! Aliás, em São Paulo, o rasteiro governador Tarcísio age da mesma maneira, comemorando uma obra -- a construção do túnel Santos-Guarujá -- como se fosse sua. O ex-ministro de Bolsonaro queria privatizar o porto de Santos, para financiar a obra. Pra demovê-lo da ideia insana, Lula lhe propôs construir a obra em parceria com o Governo Federal. Ambos -- Estado de SP e União-- entraram com R$ 3 bilhões, mas Tarcísio propagandeia a obra como se fosse apenas do Estado, ou melhor, sua!"
enchente,dataset\enchente\2a632d18c82fdc31d55ef14465f2b7a4.jpg,O governo federal bancou a reconstrução do Rio Grande do Sul. Leite e Melo só mamaram na teta e negam a fonte.
enchente,dataset\enchente\3f8593d252f107dc73db1e41f6e13f9a.jpg,"Noticiamos amplamente nessa semana que alguns prazos referentes a serviços de habilitação, veículos, infrações e penalidades foram interrompidos por 90 dias, com a publicação da Deliberação nº 274/2024 do Contran, em 20 de maio. Mas não custa reforçar que a normativa, construída em parceria com o Detran gaúcho, traz essa flexibilização em razão da indisponibilidade dos nossos serviços, que estão fora do ar desde o dia 06, quando os sistemas foram desligados pela Procergs, devido à enchente em Porto Alegre.  Ainda não é possível prever quando os sistemas poderão ser restabelecidos, por isso essa medida é essencial para que o cidadão gaúcho, já tão impactado pelas consequências das inundações, não tenha ainda mais transtornos. Ela se aplica a quem é condutor ou proprietário de veículo registrado no RS, ok?  Dito isso, chegou então a hora da PARTE 3 da nossa série sobre dúvidas comuns, na qual trazemos mais detalhes relativos aos serviços de INFRAÇÕES E PENALIDADES. Aproveita e envia esse conteúdo pra quem tenha alguma dúvida sobre o tema!    Se tu tens dúvidas relativas à habilitação, vá até o nosso perfil e volte duas postagens pra ler a PARTE 2. Agora, se o teu interesse é relativo a veículos, volte no post de quarta (22) pra ler a PARTE 1.  #emdefesadavida"
enchente,dataset\enchente\da75fcb4a8f1072c582aa4bddc96f33e.jpg,"O Pampa Debates desta terça-feira (24), focado nas ""Lideranças do Rio Grande do Sul"", recebeu o desembargador Voltaire Moraes, presidente do TRE-RS, para debater sobre as eleições 2024 e o quanto a enchente que atingiu Porto Alegre em maio deste ano foi decisiva para o resultado."
enchente,dataset\enchente\a8352f445af3efe287b7d60bae4606c6.jpg,"Durante a maior enchente da história do Rio Grande do Sul, em maio de 2024, algo foi destaque: o papel de organizações feministas e movimentos sociais no apoio às vítimas da catástrofe climática.  https://catarinas.info/entre-o-caos-e-a-solidariedade-o-papel-das-liderancas-feministas-na-enchente-no-rio-grande-do-sul/…"
enchente,dataset\enchente\c9207e68bfeadf93beaef0ff4984f74b.jpg,"Justiça climática e reprodutiva estão interligadas!  Para entender como foi a organização das demandas de gênero durante a maior enchente da história do Rio Grande do Sul, em maio de 2024, ouvimos 5 mulheres que atuaram na linha de frente: https://catarinas.info/entre-o-caos-e-a-solidariedade-o-papel-das-liderancas-feministas-na-enchente-no-rio-grande-do-sul/…"
enchente,dataset\enchente\1f349d4df00d3db169feb2b8f0608fc5.jpg,"BRASIL: Mortes após fortes chuvas no Rio Grande do Sul chegam a 55 e números superam a tragédia ambiental de 2023, quando 54 pessoas morreram.   Ainda há 74 pessoas desaparecidas e mais de 82.500 pessoas fora de casa. (G1)"
enchente,dataset\enchente\5107d8f547382c40e06ecf45783182cf.jpg,Acho que tá sendo pouco falado: o jumento visitou a área de enchente na Bahia e a primeira coisa que veio na cabeça dele foi dizer que aquilo era tipo o isolamento social.  Caso clássico de sociopatia.  https://oglobo.globo.com/brasil/bolsonaro-sobrevoa-area-de-enchente-compara-catastrofe-isolamento-social-1-25316277…
enchente,dataset\enchente\8a3dbfe07d737315f7b48b65e050e2f7.jpg,"AJUDE O RIO DE JANEIRO  O prefeito do Rio, Eduardo Paes, decretou situação de emergência na cidade na tarde deste domingo (14) por causa das fortes chuvas que atingiram a região metropolitana. Só na capital, as consequências do temporal deixaram três mortos. As chuvas atingiram"
enchente,dataset\enchente\3e933d8323cb2877f37a8bfc0a67f39a.jpg,ALERTA | Um núcleo de chuva intensa com raios está ingressando na área central de Porto Alegre. Haverá alagamentos no Centro e vários bairros próximos. Considere adiar a saída da casa ou do trabalho ante o alto risco meteorológico.
enchente,dataset\enchente\e6cee144d8c81d8dd5d143f538949af2.jpg,"Águas do Rio dos Sinos chegam ao centro de São Leopoldo; veja a situação de outras cidades gaúchas   Em Canoas, cidade vizinha a Porto Alegre, a estimativa é que cerca de 200 mil pessoas são afetadas pelas inundações"
enchente,dataset\enchente\d8228f1b45961f4ce1113e50d3441529.jpg,Risco de tragédia no Sul já era conhecido em 2023  Falta de capacidade de Porto Alegre de resistir às inundações foi alvo de alerta do Cemadem  Clique e leia o conteúdo completo
enchente,dataset\enchente\352761ec04bf51d8ef72858fe95b8b03.jpg,"Ação do Instituto Sociocultural Brasil-China tem como objetivo ajudar os desabrigados das inundações no estado gaúcho com doações de água, alimentos e itens de higiene pessoal.  https://jbanoticias.com.br/aviao-da-fab-leva-40-toneladas-de-doacoes-do-ibrachina-de-sp-para-canoas-na-grande-porto-alegre/…"
enchente,dataset\enchente\ae17351e936c32c09cd1829d8f51e2a6.jpg,Número de mortes causadas pelas inundações no Brasil sobe para 144
enchente,dataset\enchente\5ba70facdafb4fde1d2cd9f14eb05b9f.jpg,"Porto Alegre  Cidade tem bairros completamente inundados na Zona Norte, casas de bombas inoperantes ou com funcionamento parcial, Guaíba fora do leito, comportas abertas e muita chuva.  Cidade Baixa e Meninos Deus estão sendo tomados pelas águas novamente.  Será um dia difícil"
enchente,dataset\enchente\97b0f210ddf3e11172cb3fe28930ad74.jpg,"LAMENTABLE  Autoridades decretan estado de calamidad pública tras las #lluvias torrenciales y graves #inundaciones en Rio Grande do Sul, #Brasil  Inundaciones arrastran autos e inundan calles y casas en Nova Prata, RS Vía  @Arab_Storms"
enchente,dataset\enchente\01bca24661bf25841e71f04cbf06f674.jpg,"Temporal Em Belo Horizonte | Flash flood in BH/MG,  YouTube: https://youtu.be/sjCTIc3XeOY #Brazil - 15/01/2021 #chuva #inundações #alagamentos #Brasil #tormenta #sel #flooding #Hochwasser #flood #felaketi̇ #Lluvias #Inundaciones"
enchente,dataset\enchente\bc29b4286bbe2689fdc66c6b05b36a29.jpg,ALERTA | Intensa instabilidade esperada até sábado no Sul do Brasil com volumes significativamente altos de chuva e risco de alagamentos e inundações em muitas regiões. Prováveis temporais no avanço de uma frente fria associada a um ciclone.
enchente,dataset\enchente\c7d17724adede6bac3f52dde9dd80340.jpg,"Número de mortos nos EUA sobe para 12 em enchentes históricas.  Os esforços de resgate continuam no Kentucky, enquanto os níveis de água continuam subindo, assim como em outras partes do Vale do Ohio e do Meio-Atlântico."
enchente,dataset\enchente\411b6486c792041d550edb34ae4898c5.jpg,"“Descobrimos” agora que a  culpa da tragédia econômica que vive o Brasil, hoje,nao é culpa dos desmandos do Governo Lula, é das enchentes no RS..“Lula culpa enchentes no RS pelo fraco desempenho econômico de seu Governo: ""teríamos superávit""; veja vídeo"
enchente,dataset\enchente\df0122583af9aa78ccd51376223509bc.jpg,"Parece que isso aconteceu no Rio Grande do Sul, Brasil, durante as enchentes de 2024. Um repórter, possivelmente Paulo Mathias do SBT, adotou o cãozinho chamado Leopoldo após ele demonstrar carinho durante uma matéria. https://grok.x.com"
enchente,dataset\enchente\70a0daf13f9ee6b100652aec5c8c7513.jpg,Entristecidos pela perda de vidas e danos causados pelas chuvas e inundações implacávies no Rio Grande do Sul. Nossas condolências vão para os entes queridos das vítimas A Ucrânia está solidária com o Brasil durante este momento difícil @ItamaratyGovBr  @EduardoLeite_
enchente,dataset\enchente\b4fdbb2924e46a19ea84fa200f8e6034.jpg,Chuvas causam estragos e morte no Rio Grande do Sul     https://sbtnews.sbt.com.br/noticia/brasil/chuvas-no-rs-causam-estragos-em-65-cidades-um-homem-morreu-arrastado-por-correnteza…
enchente,dataset\enchente\585bf828e1a4e9463cb86ee8d1fe3411.jpg,"Pelo 5º dia seguido a Bahia foi atingida por temporais relacionados a um ciclone extratropical que está na costa do país. O número de desabrigados chega a 3,7 mil e 70 mil pessoas foram atingidas. Artistas se mobilizam para ajudar. O presidente Jair Bolsonaro sobrevoa o estado."
enchente,dataset\enchente\3324bbca7fafa77360ad91f743ac2d0b.jpg,"VIDEO: The death toll from heavy rain and flooding that has plagued the northeastern Brazilian state of Bahia since November rose to 20 on Monday, amid incessant torrents that have displaced almost 63,000 people"
enchente,dataset\enchente\95f2d06b30b184c4e562814c3a7f2c8f.jpg,"Após inundação, cidade baiana vai entrar em estado de emergência. Em Coronel João Sá, 350 famílias estão desalojadas depois que o Rio dos Peixes transbordou, provocando o rompimento parcial da Barragem de Quati  http://bit.ly/2YXo61T Corpo de Bombeiros #barragemdequati"
enchente,dataset\enchente\6780f559bb4c6467ff5ef49d68509432.jpg,Catástrofe RS: Guaíba pode levar mais de um mês para voltar ao nível normal https://tinyurl.com/bdeedxnb #RioGrandedoSul #RS #mudancasclimaticas #chuva #inundacoes #Guaiba #LagoadosPatos #tragedia #mortos #feridos #desaprecidos #desabrigados #desalojados (Foto: Duda Fortes-RBS)
enchente,dataset\enchente\9d0f71ad2dd7d054b1b2b61f5ccb7339.jpg,Tragédia no RS: sobe para 100 o número de mortos por causa dos temporais dos últimos dias https://tinyurl.com/2s33a7k9 #RioGrandedoSul #RS #mudancasclimaticas #tragedia #chuva #temporais #inundacoes #mortos #feridos #desaparecidos #desalojados #desabrigados (Foto: Carlos Fabal-AFP)
enchente,dataset\enchente\878176aa01c592346421067d2b1e1439.jpg,"As cheias ocorrem devido à incidência de ventos e chuvas nas direções Sul e Sudeste, o que represa a água do lago e do rio  #riograndedosul #grandeportoalegre #chuvas #portaliG  https://tinyurl.com/5n7shxpc"
enchente,dataset\enchente\f660f6783d9f16e98b3f8b4fcf3d3a64.jpg,Volta a chover em Porto Alegre; Prefeitura interrompe resgate das vítimas https://tinyurl.com/5n8rah2z #RioGrandedoSul #RS #PortoAlegre #mudancasclimaticas #tragedia #inundacoes #resgate #inudacoes #mortos #feridos #desabrigados #desalojados (Foto: Gustavo Mansur - Palácio Piratini)
enchente,dataset\enchente\3aba45762bbc9f1cd9b13eefd19c4750.jpg,Mais de 80 mil pessoas estão desabrigadas no RS número de mortes sobe para 147 https://tinyurl.com/57fr7r2a #RioGrandedoSul #SOSRS #chuva #inundacoes #catastrofe #tragedia #mortos #desaparecidos #desabrigados #desalojados (Fotos: Carlos Macedo– AP | Tânia Meinerz – Jornal do Comércio)
enchente,dataset\enchente\efc2242fad37e526d4041152dcfa358f.jpg,TEMPO | Chuva de quase 300 mm em cidade do Litoral Norte do Rio Grande do Sul enquanto o Oeste do estado começa a sofrer com enchente na fronteira.  https://metsul.com/enchente-no-oeste-e-chuva-de-quase-300-mm-no-litoral-norte-gaucho/…
enchente,dataset\enchente\8a032a080065ee2e3047e89a0b3b998d.jpg,"A prefeitura de Guaíba, cidade da Região Metropolitana de Porto Alegre, diz que a cheia ocorreu devido à incidência de ventos nas direções Sul e Sudeste   #guaíba #riograndedosul #portoalegre #PortaliG"
enchente,dataset\enchente\b7c426b0d65173a9988c5aa9a67d2ce9.jpg,Enchente em Porto Alegre invade gramado da Arena do Grêmio  Veja: http://glo.bo/4a53g4m  Reprodução/Vitor Viella
enchente,dataset\enchente\9e4da2dc59fd913ce150687ac66540ed.jpg,ENCHENTE | Guaíba volta a subir nesta semana em Porto Alegre com a chegada da vazão de rios afluentes sob cheias. Veja o que esperar.  https://metsul.com/guaiba-sobe-nesta-semana-em-porto-alegre-cenario-e-diferente-de-maio/…
enchente,dataset\enchente\a3aa376a3a98753dc8131ee8108dde38.jpg,TEMPO | Primeiro de três eventos de chuva volumosa em apenas uma semana traz até 360 mm no Sul do Brasil. Veja os volumes estado por estado da região.  https://tinyurl.com/382j843c
enchente,dataset\enchente\beebfef9abb5bc29a8e6eed8803f09b2.jpg,TEMPO | Instabilidade agora na fronteira com o Uruguai. Raios em Livramento em fotos de Fabian Ribeiro. Há alerta de chuva volumosa e temporais para o período desta quinta ao domingo no Sul do Brasil. Veja com a  @Estaelsias  em  http://youtu.be/YuvijNmzP78.
enchente,dataset\enchente\517b63d75c4a50794e37c31b50d6af61.jpg,"O resumo do RS em 21/05 é esse:   161 morreram nas enchentes. Das que não foram dadas como mortas, 85 SUMIRAM. Das que não morreram NEM sumiram, temos mais de 800 MACHUCADOS.  Dos que não morreram, sumiram nem se feriram, são 72 MIL desabrigadas.  Manhã de 21/05. Dados oficiais."
enchente,dataset\enchente\ebddda582bebeb882403afc172a4fb47.jpg,"AGORA | Imagens aéreas mostram a cheia do Rio Santa Maria que desabriga famílias em Rosário do Sul, no Centro-Oeste do Rio Grande do Sul.   @fabianribeiroo"
enchente,dataset\enchente\c0aef98c3702d41dc9cede58c70cb21f.jpg,"Cemaden emite alerta para risco hidrológico em Pelotas; alagamentos atingem diversos bairros As chuvas persistentes seguem castigando Pelotas e aumentando a preocupação da população. O Centro Nacional de Monitoramento e Alerta de Desastres Naturais (Cemaden) emitiu, na manhã desta quinta-feira (10), um novo alerta de risco hidrológico para o município. O documento aponta a possibilidade de transbordamento dos arroios Sanga Funda, Sujo, Barbuda, Santa Bárbara, Pelotas, além do canal São Gonçalo e seus afluentes. Com a continuidade das chuvas, são esperados alagamentos, extravasamento dos canais urbanos e inundações em áreas de risco. A estimativa é de que 23.200 pessoas, em cerca de 5.800 moradias, estejam expostas a esse cenário. A Defesa Civil alerta que, em caso de emergência, a população deve acionar os números 190 ou 193. A Prefeitura informou que mantém equipes mobilizadas para monitorar os pontos críticos da cidade e atender ocorrências.  Os bairros Cohab Lindóia, Tablada, Três Vendas, Laranjal, Obelisco, Dunas e o Residencial Guimarães I, na avenida Manoel Antônio Peres, estão entre os mais atingidos. No Residencial Acácia, no Corredor do Obelisco (Rua  , moradores enfrentam dificuldades para sair de casa devido ao acúmulo de água. Somente nas últimas 48 horas, o município registrou 89,4 milímetros de chuva — somando 120 mm desde o início de abril. O volume levou o prefeito Fernando Marroni a decretar situação de emergência preventiva. As sete casas de bombas de Pelotas (Anglo, Castilho, Doquinhas, Farroupilha, Leste, Olvebra e Pontal da Barra) seguem operando de forma ininterrupta para garantir o escoamento da água. O Sanep alerta que o descarte irregular de lixo compromete o funcionamento das estruturas. Durante limpezas, foram encontrados objetos como colchões, marmitas de isopor, latas de tinta e garrafas, que obstruíam as grades de contenção."
enchente,dataset\enchente\1586583a37149eb59e090163baab5858.jpg,"#URGENTE! BAIRROS DE CAPELA DE SANTANA-RS, SÃO ATINGIDOS POR ALAGAMENTO RELÂMPAGO, APÓS ROMPIMENTO DA ERS-240 (QUE ESTAVA COM ÁGUA REPRESADA EM UM DOS LADOS DA PISTA)!"
enchente,dataset\enchente\08c4bc3bba164e1b1ebfcd09fdee657b.jpg,"PORTAL DO FERREIRA I Frente fria que se encaminha para o sul do RS causa tempestades severas na Argentina A cidade de Bahía Blanca, na província de Buenos Aires, enfrenta um cenário de calamidade após um volume de chuva superior a 300 mm atingir a região em poucas horas. O fenômeno, que começou na madrugada, provocou alagamentos catastróficos, deixando ruas submersas, interrompendo serviços essenciais e forçando a evacuação de dezenas de famílias. Autoridades decretaram alerta vermelho e recomendaram que a população permanecesse em locais seguros, enquanto equipes de resgate enfrentam dificuldades para socorrer os atingidos. O impacto da chuva extrema causou destruição em residências, comércios e hospitais. O Hospital Interzonal Dr. José Penna, um dos principais da cidade, foi gravemente afetado, obrigando a transferência de pacientes, incluindo recém-nascidos. Imagens chocantes compartilhadas nas redes sociais mostram profissionais da saúde carregando bebês nos braços para evitar que fossem atingidos pela água. Além disso, ambulâncias foram danificadas, comprometendo atendimentos emergenciais. A infraestrutura da cidade entrou em colapso, com suspensão do transporte público, fechamento de serviços e interdição do aeroporto devido ao alagamento da pista. Em alguns bairros, a água atingiu meio metro de altura, tornando diversas vias intransitáveis. Veículos foram arrastados pela correnteza, e moradores relatam momentos de desespero ao verem suas casas sendo invadidas rapidamente pela água. Redes de solidariedade se formaram para ajudar os desabrigados, com voluntários oferecendo abrigo, roupas e alimentos. Meteorologistas alertam que esse tipo de evento extremo pode se tornar mais frequente devido às mudanças climáticas, destacando a necessidade de adaptações na infraestrutura urbana. A frente fria responsável pelo desastre deve avançar rumo ao Sul do Brasil nos próximos dias, mas sem expectativa de volumes de chuva tão elevados. Enquanto isso, Bahía Blanca segue em estado de emergência, com risco de mais precipitações intensas. No Brasil, a chegada da frente fria está prevista para ocorrer na fronteira do Rio Grande do Sul com o Uruguai entre o final do sábado e o começo do domingo. O fenômeno trará chuvas volumosas, rajadas de vento intensas e queda significativa da temperatura, marcando o fim da onda de calor que persiste no estado desde fevereiro.Fonte: Metsul"
enchente,dataset\enchente\77b72f5f490879134de019a806731188.jpg,| Vacaria RS:
enchente,dataset\enchente\eb6236063351b78e3739a906c84f9fd8.jpg,Alagamento na Pinheiro Machado no centro de Vacaria! Forte chuva atingindo a cidade neste sábado.
enchente,dataset\enchente\76da091201d30c9b3b327804adcc00b8.jpg,"ALAGAMENTOS NA SÃO SERAFIM Segundo os moradores da Vila São Serafim, que entraram em contato nesta tarde, a situação na região ficou bem complicada com as chuvas de ontem e de hoje. De acordo com eles, depois da obra de acesso ao Hospital Regional, na Av. Brasil, os alagamentos são constantes, conforme mostra a imagem abaixo.  #Alagamento #PraSantaMariaSuperar"
enchente,dataset\enchente\6c8371e21e9d32a5881a2bac722b9abc.jpg,Eldorado do Sul enfrenta mais uma vez severas inundações   Saiba mais
enchente,dataset\enchente\b06f6b879ee9b7bb6006a6ab7348424d.jpg,"#AGORA! BAIRROS DE CAPELA DE SANTANA-RS, SÃO ATINGIDOS POR ALAGAMENTO RELÂMPAGO!"
enchente,dataset\enchente\1bed681773bb6cebba2d774e83b38050.jpg,"CAPACITAÇÃO EM COLINAS Na tarde de hoje (16), a ONG HUMUS Brasil, em parceria com os Bombeiros Voluntários IMICOL e com apoio da Prefeitura Municipal de Colinas, promoveu no município de Colinas o treinamento “Agente Capaz”, com o objetivo de capacitar moradores para atuarem em catástrofes naturais, como as enfrentadas em setembro de 2023 e maio de 2024. . Os participantes adquiriram e desenvolveram habilidades em comunicação e primeiros socorros, com foco na prevenção e resgate básico em situações de soterramento, desabamento, enchente, inundação e alagamento e foram certificados pela HUMUS Brasil, com instrutores qualificados e com atuação em grandes desastres como Brumadinho, Mariana, Turquia, Haiti e Vale do Taquari . Temos buscado alternativas para mitigar os efeitos das catástrofes naturais que tanto prejudicaram o município e seus munícipes desde 2023. Uma das estratégias é preparar a população para lidar melhor com esses desastres, tornando-a mais resiliente e pronta para agir em situações de emergência. Dessa forma, parabenizamos todos os munícipes que participaram pelo seu empenho e dedicação empregados. No dia de amanhã (17) uma nova turma receberá a capacitação na cidade de Colinas. Para mais informações sobre a CAPACITAÇÃO AGENTE CAPAZ entre em contato pelo (51) 98304-7610"
enchente,dataset\enchente\a3078c711869ea8335f6d70e44033c06.jpg,Cena de filme
enchente,dataset\enchente\673639783eef0bcaf7ee06682390896d.jpg,"No meio da enchente que foi alagando nossa realidade, ainda consegui fazer alguns registros desses dias que pareciam eternos. Graças a Deus não estamos mais assim, mas 90% do que assisti e presenciei foi de extrema tristeza, desespero e agonia... . Come le vedo io"" - A meu ver Fotos do avanço das águas  (foto celular)   Moto Edge 30 Fusion  . #ComeLeVedoIo #AMeuVer #alagamento #enchente ##myhobby #mobilephoto #like4like #Guaíba #RS #ErreEsse #BR #Brasil"
enchente,dataset\enchente\d8f2190e612182969c566e358770ffa7.jpg,"#Chuvas Este é o Hospital Mãe de Deus, em Porto Alegre, agora pela manhã. Infelizmente os alagamentos da nossa cidade não são recentes. A capital sofre há muitos anos com inundações.  Precisamos de investimentos em equipamentos de drenagem, mas não somente em casas de bombas, também em bueiros, pois o descarte de lixo em passeios públicos gera obstrução das bocas de lobo e, consequentemente, gera alagamentos em vias da cidade.  Na Câmara Municipal, tramita um projeto de lei de minha autoria, que cria o programa bueiro inteligente. Consiste em um complexo de filtragem do lixo que cai nos bueiros. Ele possui um sistema que emite um alerta para quando o reservatório estiver cheio. Por fim, coloco o meu gabinete à disposição, para orientação e encaminhamento de como enfrentar os problemas relacionados ao evento climático que ocorreu ontem e, que continua afetando inúmeras famílias de Porto Alegre. #enchente #alagamento #portoalegre #márciobinsely #maededeus #brasil #poa24horas #poars"
enchente,dataset\enchente\c84b11951c7df41428465dba858de646.jpg,"Enchente, alagamento, inundação, entenda como a AME pode te auxiliar!   Nessa época do ano, onde o calor e a umidade tomam conta de todo o Brasil, é inevitável que as fortes chuvas causem problemas em todo o país. Como aconteceu com nosso cliente, que teve seu carro atingido por um alagamento, no estado de Santa Catarina.   É por isso que independente se você vai viajar ou ficar em casa, faça um seguro auto com a AME. Estamos prontos para ajudar vocês em todos os momentos.   Ah, e não esqueça, se você passar por essa situação, além de contar com a equipe da AME, não ligue o carro nesses casos!   Seguros para você viver com mais tranquilidade!  Michele -  (51) 99643.1881  André -  (51) 99650.7077  São Leopoldo/RS #amecorretora #ameseguros #segurodevida #seguroviagem #seguroauto #seguro #viverseguro #ame"
enchente,dataset\enchente\26a509dfd99deb51cff8be91602c572e.jpg,"ALAGAMENTOS NO MENINO DEUS FOTO ABAIXO REUNIÃO ASSAMED x DEP x DIRETORIA HOSP. MÃE DE DEUS, em 05.05.2014, ocasião em que foi solicitada a limpeza do Sistema de Esgotos do Bairro Menino Deus. Na época, a Diretoria do Hospital se propôs a fazer a doação de dois GERADORES PARA DUAS CASAS DE BOMBA, localizadas no Parque Marinha do Brasil. Também,  ofereceu à Prefeitura, participação nos custos para a limpeza das galerias que passsam por baixo da Av. José de Alencar. Para esta parceria, seria necessário a entrega, por parte da Prefeitura, dos Orçamentos para votação e aprovação pela Diretoria do Hosp.Mãe de Deus. Hoje, após o Menino Deus ser alagado, e com tantos prejuízos à Comunidade, incluindo comércio, hospitais... Prejuízos em condomínios (moradores que colocaram seus móveis no lixo), OS ORÇAMENTOS PROMETIDOS NAQUELA REUNIÃO, PELA DIRETORIA DO DEP, AINDA NÃO CHEGARAM AOS INTERESSADOS EM COLABORAR.  Em 05.05.2022, completaram-se oito (  anos desta REUNIÃO. O Menino Deus continua na mesma situação: a cada chuva mais forte, o alagamento é certo. Este, não falha! Hoje, decorridos  cinco (05) meses desde a enchente no M.Deus (26.01.22), não temos informações de quais medidas  estão sendo tomadas em relação  ao assunto. Principalmente a limpeza de bueiros. * ATA  nos arquivos da Associação.  DIRETORIA -ASSAMED"
enchente,dataset\enchente\a887220e4afc500f39398641da65fb69.jpg,"A ENCHENTE DESTA MADRUGADA EM MIRAI, JÁ É CONSIDERADA A MAIOR DE  SUA HISTÓRIA.  Cidade de Mirai fica localizada em Minas Gerais, o município tem aproximadamente 15mil habitantes, e a enchente da MADRUGADA desta terça-feira (15/02), levou bastante destruição para os moradores.  #Aieb_Brasil fará campanha de arrecadação  para ajudar às vítimas da enchente.  #Mirai #enchente #destruiçao #defesacivil #mg #minasgeraismg #chuvas #alagamento #aiebbrasil"
enchente,dataset\enchente\927770ab2aa6c5001d249bb66715b829.jpg,APVS BRASIL  Proteção  Roubo  Furto  Incêndio  Fenômenos da natureza  Alagamento  Enchente  Queda de árvore  chuva de granizo. Sem Perfil de condutor Sem consulta ao CEP Sem Carência E muito mais!!! Receba já sua cotação 100% Gratuita Parceria com Motorista que trabalha com APLICATIVO
enchente,dataset\enchente\5a2978d9886897a716038042b427cd60.jpg,Se isso for VERDADE!!! Estamos diante da maior c@nalhice da história perante a essa tragédia!!! #riograndedosul #doações #alagamento #enchente #donativos #brasil  #governo
enchente,dataset\enchente\f613765bcfb31e135fc65049723dd2cc.jpg,"Enchente: Imagens de Porto Alegre alagada após novas chuvas no RS  A chuva que retornou com força a Porto Alegre, no Rio grande do sul, desde o início da madrugada de quinta-feira, (23-5), voltou a deixar ruas e Barros alagados, água sobe de bueiros e afeta novas regiões da cidade com alagamentos. Vídeos compartilhados nas redes sociais mostram bairros da capital gaúcha tomados pela água. Algumas regiões que já estavam secas voltaram a registrar enchentes com as fortes chuvas das últimas horas. (Porto Alegre) Vídeo Redes sociais. Chuva no RS, (23-5-2024) #enchente #alagamento #chuvas #portoalegre #riograndedosul #Hoje #temporal #agora #hoy #ontem #news #tormenta #lluvia #flood #brazil #Noticias #brasil #inundaciones"
enchente,dataset\enchente\e80964b6e2b00b934940183499d38afb.jpg,". Pânico em Deodoro! PESSOAS RESGATADAS DE ALAGAMENTO Ônibus foram invadidos pelas águas da chuva e passageiros tiveram que ser socorridos da enchente para não serem levados pelas correntezas.  Resgate ocorreu em Deodoro, embaixo da Avenida Brasil."
enchente,dataset\enchente\ea592c7d026e8e9f6930a48a8785039d.jpg,"O governo do Rio Grande do Sul inaugurou, na manhã desta quinta-feira (10), uma ponte na ERS-130, na Região dos Vales, que foi reconstruída após ser destruída durante a enchente que atingiu o estado em maio de 2024. A travessia faz a ligação de Lajeado a Arroio do Meio e, agora, volta a permitir a passagem de qualquer tipo de veículo. Ela tem 172 metros de comprimento e é 5 metros mais alta que a ponte antiga. Ela custou R$ 14 milhões aos cofres públicos.  A falta da travessia prejudicou o tráfego de milhões de pessoas e milhares de veículos mensalmente. Segundo a EGR, concessionária responsável pela manutenção da rodovia, mais de 50 mil veículos passagem pela ponte por mês. Uma ponte provisória chegou a ser montada pelo Exército, mas a capacidade era menor – ela deve ser desmontada até o fim de abril."
enchente,dataset\enchente\257c6f3d2eb735311fe3b9c1bfafaae4.jpg,"Resiliência climática: este é um dos principais assuntos abordados no South Summit Brazil 2025, em meio a tudo que o Rio Grande do Sul viveu nas enchentes de 2024. Paineis e palestras com grandes nomes abordam este e outros temas no evento. Confira! #JovemPanPortoAlegre #SouthSummitBrazil #PortoAlegre #Evento #Empreendedorismo #Resilencia #Radio"
enchente,dataset\enchente\c9842b46a2cc9ed73d4ad22314d15e2e.jpg,"Via  Brasil de Fato  RS  DESASTRE CLIMÁTICO  Depois de 11 meses do pior desastre climático e socioambiental que atingiu o Rio Grande do Sul, o Ministério Público do Rio Grande do Sul (MPRS) ingressou, nesta segunda-feira (31), com uma Ação Civil Pública ACP) contra a Prefeitura de Porto Alegre, no valor de R$ 50 milhões. O processo se refere a indenização de danos morais coletivos e danos materiais e morais individuais homogêneos causados pela enchente histórica de maio de 2024. Na capital gaúcha, a enchente histórica atingiu mais de 160 mil habitantes (cerca de 12% da população), espalhadas em 46 bairros. Como também mais de 39 mil edificações e mais de 45 mil atividades econômicas. Conforme cita a ação, os segmentos mais prejudicados correspondem aos moradores dos bairros periféricos, habitados por grandes contingentes de população de baixa renda. Como o Sarandi, que registrou 26.042 vítimas, e Farrapos com 17.522. “Sem embargo, bairros centrais da cidade, habitados predominantemente por populações de renda média e alta foram igualmente afetados: 18.231 moradores do Bairro Menino Deus e 9.938 moradores do Bairro Cidade Baixa foram alcançados pela cheia”, aponta. #AtingidosPelaEnchente #Indenização #PortoAlegre   Apoie a imprensa local independente  apoia.se/amigosdobrasildefators"
enchente,dataset\enchente\0da29ce2581cdb8312d32701dfe26f9c.jpg,"S.O. S  tragédia no Rio Grande do Sul. Grande enchente. Bairro Matias velho em Canoas é invadido pelas águas da grande cheia . Vivem base de 100 mil pessoas neste bairro. Água continua subindo . Fujam ... Vídeo  Madrugada de 04 de maio de 2024 .  Moradores do bairro Matias Velho fujam da região. Forças Armadas socorram as pessoas do Bairro Matias Velho na cidade de Canoas, é preciso barcos, e logística de resgate, barracas e alimentação. Vídeo Sul do Brasil, cidade de CANOAS. * Ruas citadas no vídeo."
enchente,dataset\enchente\61763b9a570b0013b0ab09c9f1bc9a6d.jpg,"EVENTO EXTREMO DE CHUVA NO RS TEM AS “IMPRESSÕES DIGITAIS” DO EL NIÑO  Fenômeno El Niño, que ainda atua, sabidamente provoca grandes extremos de chuva no outono do ano seguinte ao seu começo O Rio Grande do Sul experimenta um fim de abril com chuva extrema e enchentes com tendência de agravamento da situação no começo de maio, quando se espera ainda chova muito no estado, o que trará mais inundações e o aumento dos níveis de vários rios com a piora das enchentes em muitas comunidades. As cenas deste fim de abril repetem aquelas vistas no segundo semestre do ano passado, no período inicial e depois do auge do evento de 2023-2024 de aquecimento das águas do Oceano Pacífico Equatorial. Assim, naturalmente as pessoas se perguntam se este evento de chuva extrema ainda está relacionado ao El Niño e se o fenômeno segue atuando.  Embora só se ouça falar em La Niña nos tempos atuais, o que não vai acontecer antes da metade do ano, o fato é que o fenômeno El Niño segue presente no Oceano Pacífico e ainda impacta o clima no Brasil e em outras partes do mundo. Este evento extremo de chuva tem todas as “impressões digitais” do El Niño.  De acordo com o último boletim semanal da Administração Nacional de Oceanos e Atmosfera (NOAA), dos Estados Unidos, a anomalia de temperatura da superfície do mar era de +0,8ºC na denominada região Niño 3.4, no Pacífico Equatorial Central, que é usada oficialmente para definir se há um El Niño na forma clássica e de impacto global. O valor está na faixa de El Niño fraco. Assim, oficialmente as condições de El Niño seguem presentes no Oceano Pacífico, mesmo que não intensas como no segundo semestre de 2023. Maio vai começar com condições ainda de El Niño presentes na atmosfera e no oceano, o que explica em parte os extremos previstos para o mês no Centro-Sul do Brasil. A tendência é que no decorrer de maio as águas do Pacífico Equatorial se resfriem, o que deve levar ao final do evento de El Niño de 2023-2024 e a instalação de um quadro de neutralidade (sem El Niño ou La Niña). Não se antecipa La Niña antes do fim do outono ou o começo do inverno, entre junho e julho.  A chuva com volumes muito altos e mesmo excessivos dos últimos dias de abril e que prosseguirá no começo de maio certamente pego muita gente de surpresa, especialmente diante do noticiário que muito se ocupou nas últimas semanas sobre possível evento de La Niña a caminho e que ignorou as condições atuais. Mas, para quem conhece a história do clima regional e acompanha os informes da MetSul, não foi nada surpreendente.  “No decorrer da estação, a tendência é de chuva acima da média no Sul principalmente no Rio Grande do Sul. Há risco de episódios pontuais de precipitação muito intensa, com elevados volumes, capazes de gerar cheias de rios, deslizamentos, alagamentos e inundações”, destacava o prognóstico de outono da MetSul publicado em março.  Mais, durante todo o ano de 2023 e no começo agora de 2024 reiteradamente e em inúmeras oportunidades a MetSul Meteorologia destacou que o maior impacto da chuva do El Niño muitas vezes se dá no final do inverno e na primavera do primeiro ano do evento, no caso 2023, seguindo-se outro período de excesso de chuva no outono do segundo ano do episódio, logo 2024.  O atual evento de El Niño teve início em junho do ano passado. O que se seguiu todos sabem. Foi um inverno e primavera de 2023 com extremos de chuva no Rio Grande do Sul com grandes enchentes, algumas das maiores dos últimos 150 anos no Guaíba e nos rios Caí e Taquari. No Uruguai, a chuva encerrou com a maior crise hídrica já registrada no país e que fez Montevidéu captar água salgada do oceano.  Dificilmente haja exemplo melhor de como o El Niño impacta a chuva no outono do que o ano de 1941. A maior enchente da história de Porto Alegre e de muitas outras cidades gaúchas se deu em abril e maio de 1941, no outono, durante evento de El Niño que já estava presente no ano anterior.  Geramos um mapa com a anomalia de precipitação na média do bimestre abril e maio dos anos de 1966, 1973, 1984 e 1998, todos anos que são o segundo de um evento de El Niño forte a intenso iniciado no ano anterior, como foi o de 2023-2024 no seu auge. O sinal de precipitação da soma das médias deste ano é de precipitação acima a muito acima dos valores da climatologia histórica para o Rio Grande do Sul. Assim, mesmo se encaminhando para o seu final agora , o El Niño ainda impacta o nosso clima, como se vê nestes. À medida que o Oceano Pacífico se resfriar nos próximos meses, a probabilidade de eventos extremos de chuva diminui. Isso, porém, não significa que passe o risco de eventos de chuva com acumulados muito altos e mesmo de cheias de rios.  Episódios de chuva excessiva podem ocorrer no Sul do Brasil mesmo com o Pacífico em neutralidade ou sob La Niña, inclusive com enchentes. A diferença é que que são menos numerosos que sob a presença do El Niño, quando ocorrem com muito maior frequência e acabam contribuindo para cheias de rios mais significativas, como se viu no segundo semestre do ano passado. Fonte: Metsul"
enchente,dataset\enchente\62d3982d20e96c5d5d3765b44d779a19.jpg,Enchente em outros bairros na Capital de São Paulo.
enchente,dataset\enchente\575aeab24e737d63c10b522d1bc5bb92.jpg,"Hoje o Bastidores do Poder é apresentado direto das ruas atingidas pelas enchentes das últimas horas na Grande São Paulo. O Pedro Campos gravou esse vídeo na Rua Anny, na região do Sacomã, na cidade de São Paulo. Ele está junto com a Thays Freitas conversando com os moradores atingidos pela água. O corpo de Bombeiros registrou mais de 700 chamados de enchentes até agora."
enchente,dataset\enchente\1ce0e2292ec8156b72c026175a946948.jpg,"Na última sexta-feira (24), a forte chuva que atingiu São Paulo transformou a estação Jardim São Paulo em um cenário de desespero. A correnteza invadiu o local, arrastando pessoas e deixando várias ilhadas.Foi nesse momento que os policiais militares do 5º Batalhão de Polícia Militar Metropolitano, Cabo Galindo e Soldado Ferraço, agiram rapidamente! Junto ao Soldado Valério, pertencente ao 9º BPM/M, que já estava no local, eles enfrentaram a força da água, acalmando os populares e retirando um a um das áreas de risco.Mesmo com a água subindo rapidamente e o perigo iminente, os policiais não hesitaram: entraram na estação alagada, localizaram mais vítimas presas e garantiram que todas fossem resgatadas com segurança.Graças à bravura e ao compromisso desses heróis de farda, vidas foram salvas!  #heroisdefarda #PMESP #compromissocomavida #servireproteger"
enchente,dataset\enchente\f3160ac7f8ddac4b581205b9700e2638.jpg,"Um homem foi filmado usando uma moto aquática em uma rua alagada de São Paulo. Ele é proprietário de uma loja de equipamentos aquáticos e afirmou não ter medo dos riscos envolvidos. Outro vídeo mostra um homem mergulhando na água suja. Especialistas alertam para os perigos das enchentes, como buracos ocultos e doenças. Veja na matéria do #FalaBrasil!"
enchente,dataset\enchente\cf4f7a749343a842542090474f6bb616.jpg,"Muitas vezes, a natureza demonstra sua força avassaladora e não se pode fazer nada, como nas inundações vistas no litoral paulista ou no Sul do Brasil no último ano, ou das enchentes do Rio de Janeiro. Mas como a água pode exercer uma força tão poderosa? https://mla.bs/d5e1b435"
enchente,dataset\enchente\da5cca7ab888fdac4ecae2a59fbae22e.jpg,"RIO DE JANEIRO  A forte chuva que atingiu o Rio de Janeiro na noite desta sexta-feira, 04, provocou alagamentos, queda de árvores e o desabamento de uma marquise que feriu duas pessoas em Bangu. Vista Alegre, Méier e Copacabana estão entre os bairros mais afetados.   Internet"
enchente,dataset\enchente\707eb2acb42f62777d2c34e29da32afa.jpg,#SevereWeather  Inundações no leste do Brasil.   Nos últimos dias S fortes chuvas provocaram inúmeros problemas no Estado do Rio de Janeiro
enchente,dataset\enchente\fef3962d659fddb84af6a90a76c30817.jpg,"CALOR MATA! | Calor, que não é levado a sério por muitos, é a principal causa de mortes relacionadas ao clima nos EUA, superando furacões, tornados e inundações. No Brasil, o calor matou quase 50 mil pessoas em duas décadas."
enchente,dataset\enchente\3c6e4bb0c985a95d093031d77e6f7049.jpg,"As chuvas que atingem há uma semana o Rio Grande do Sul ganharam repercussão internacional. As inundações, que já deixaram dezenas de mortos e feridos, são destaques em vários jornais pelo mundo."
enchente,dataset\enchente\b4221697561e8b0e496e210755cebf0f.jpg,"ALERTA MÁXIMO |  DEFESA CIVIL DO RS EMITE RISCO DE INUNDAÇÕES, ALAGAMENTOS E DESLIZAMENTOS EM VÁRIAS REGIÕES DO ESTADO   O Centro de Monitoramento da Defesa Civil Estadual atualizou o mapa de risco para os próximos dias e elevou o nível de atenção para INUNDAÇÃO em parte do Rio Grande do Sul.  O que está previsto:  Chuva intensa entre segunda (7)  e terça ( , com acumulados de 50 a 100 mm/dia  Risco de inundações em rios e arroios, especialmente no Litoral Norte e nas cabeceiras do rio dos Sinos  Possibilidade de alagamentos urbanos, cheias em pequenos rios, deslizamentos de terra e enxurradas em áreas com declives  Atenção redobrada se você mora:  Em áreas com histórico de inundações  Perto de encostas ou barrancos  Em zonas urbanas com alagamentos rápidos  O que fazer:  Não enfrente o mau tempo  Observe rachaduras, postes inclinados ou árvores instáveis  Desligue aparelhos elétricos se necessário  Proteja pertences com sacos plásticos  Em caso de emergência:  199 (Defesa Civil) ou 193 (Bombeiros)  COMPARTILHE e MARQUE QUEM MORA EM ÁREA DE RISCO PARA SE MANTER EM ALERTA ! #AlertaRS #ChuvaForte #DefesaCivil #Portal386Digital #ocaminhodainformação #enchente #alagamentos #riodossinos #rs"
enchente,dataset\enchente\d74e11f631f07aba60eb049af9a42ad3.jpg,"Municípios do Rio Grande do Sul e Santa Catarina estão sofrendo com fortes chuvas e enchentes. Famílias lamentam a perda de bens materiais e o falecimento de pessoas queridas. Por estas e tantas outras pessoas que sofrem, convidamos você a orar conosco  Ó Deus,  Mais uma vez chegamos diante de Ti Para trazer nosso temor e nossa angústia diante do sofrimento causado pelo excesso de chuvas. Há muitas perdas, Senhor! Há inundações em muitos lugares, muitas pessoas perderam sua moradia e seus bens. Famílias choram a morte de pessoas queridas,  há pessoas em perigo e em luto. Em meio a tudo isso, permite chegar a Ti em oração, E, com humildade te pedir: tem misericórdia de teu povo e ouve o nosso clamor! Capacita-nos para gestos de solidariedade; Fortalece as pessoas cansadas;  Consola as enlutadas; Restabelece forças e concede ânimo! Por teu Filho amado, Jesus Cristo, nosso Salvador. Amém."
enchente,dataset\enchente\e27c80beedd673b7efea162686bb4367.jpg,"Com o ciclone que atingiu todo o Rio Grande do Sul, famílias ficaram desabrigadas e grande parte da rede elétrica foi destruída.  Nossas equipes foram mobilizadas e iniciaram a reconstituição da energia para toda a região.  Foi necessário fazer a troca de postes, fiação e recompor vários trechos de rede, que foram arrastados pelos fortes ventos, enchentes e inundações.  Dia e noite, nosso time trabalhou fortemente para recompor a energia e diminuir os impactos dessa tragédia para os gaúchos, e agora queremos agradecer a todos os nossos clientes pelo apoio prestado nesse período."
enchente,dataset\enchente\2a7bb43c89831e9323733d8d480a64a0.jpg,"Vamos ajudar! Estamos disponibilizando todas as nossas unidades como ponto de coleta de doações para as cidades atingidas pelas inundações no Rio Grande do Sul.  Todas as doações serão entregues por nossos caminhões assim que as estradas estiverem aptas e liberadas para circulação, por isso, pedimos que as doações sejam de itens que não estraguem. Pontos de coleta: - Bigfer Matriz - Farroupilha, RS  Rua Emílio Weissheimer 770 Bairro São Luiz - Lema Embalagens - Farroupilha, RS EST RSC 453, KM 115.50, L. Vicentina / CEP: 95172-090 Bigfer Curitibanos , SC Rodovia BR 470, 6400 / CEP: 89520-000 Bigfer Paraná- Curitiba, PR  Av. Juscelino Kubitschek De Oliveira, 11655 / CEP: 81170-300 Bigfer Jundiaí, SP Avenida Luiz Pellizzari, 372\ Distrito Industrial / CEP: 13213-073 Bigfer Votuporanga, SP Avenida Domingos Pignatari, 5198 / CEP: 15502-008 #sosriograndedosul"
enchente,dataset\enchente\354da113ec51cf71dd12596bdee3fb1d.jpg,"*CONTEM IMAGENS FORTES* Eu sei que vocês não aguentam mais entrar nas redes sociais e ver as tragédias aqui do Rio Grande do Sul, eu juro para vocês que eu também não aguento mais…A única diferença é que pelas redes sociais da pra rolar o feed, e aqui no ao vivo, Não!  Todos os dias quando acordamos, já preparamos o nosso psicológico para enfrentar essa catástrofe de frente. Todos os dias é um recomeço, mas como recomeçar aquilo que ainda não acabou? Parece que não tem fim nunca! Todos os dias é uma família nova que chega na gente pedindo ajuda, porque perdeu tudo e não tem nem pra onde voltar. É um animalzinho encontrado sem vida, é chuva que não dá trégua, é saqueadores roubando o pouco que restou nas casas, e pra ajudar, temos que ficar em cima dos nossos governantes, porque não sabemos em quem confiar.  É o caos!  Mas seguimos…  Até porque todos os dias acordamos com vida, e com uma nova oportunidade de sermos seres humanos melhores.  Provérbios 3:27 é o que me move… “Não deixes de fazer o bem a quem merece, tendo na tua mão o poder de fazê-lo. Não digas ao teu próximo: Vai, e retorna amanhã, que te darei; tendo-o tu contigo.” PS: Me desculpem pela última foto, mas a realidade precisa ser mostrada.  Para quem quiser ajudar, com doações ou com algum valor, pix:  assessoriavannysantos@gmail.com  #eldoradodosul #riograndedosul #enchentes #rs #soseldoradodosul #povopelopovo #realidade #familias"
enchente,dataset\enchente\353a98cbfeb6216fb35ee7c0ad6e6c74.jpg,"Diante das fortes chuvas e enchentes que atingem o Rio Grande do Sul, estamos mobilizados em apoiar as comunidades nas regiões afetadas e em zona de risco. Em um movimento coletivo com as nossas cooperativas, estamos recebendo doações para apoiar neste momento difícil. Doações recebidas via Pix serão destinadas para compra de recursos e mantimentos para a população dos municípios afetados, através da Fundação Sicredi. Encaminhe a sua doação voluntária via Pix para o e-mail ajuders@sicredi.com.br e faça parte deste movimento de cooperação e solidariedade."
enchente,dataset\enchente\563be32c065d883e890bb4874ddd0aac.jpg,"Em Encantado, as fortes chuvas e as enchentes causaram estragos e muita apreensão.  Mas, no meio da adversidade, encontramos a força da esperança na figura da Sra. Ana Giacomolli, 70 anos,  moradora do bairro Jacarezinho. ️ Com um sorriso no rosto e a fé no coração, Dona Ana lava suas roupas no cordão da calçada,  aproveitando a água corrente. Um gesto simples, que demonstra sua resiliência e capacidade de encontrar beleza, mesmo em tempos difíceis.  Diante à tragédia, Ana agradece pelas doações que tem recebido e por estar viva. Sua história, nos inspira a ter esperança e a acreditar que dias melhores virão. #enchentes #encantado #cristoprotetor #solidaridade #ajuda #sosvaledotaquari #riograndedosul #forçagaucho #juntossomosmaisfortes"
enchente,dataset\enchente\738c2a98fc66db4b7c550ff5735451f7.jpg,"Enchentes atingem o Rio Grande do Sul devido à formação de ciclone! Hoje, sexta-feira, 16 de junho, o estado enfrenta sérios problemas com as enchentes causadas pelas fortes chuvas devido a um ciclone que se formou na costa. Gravei esse vídeo do córrego que passa ao lado de onde resido, cidade de Três Coroas/RS. Está com mais de 5 metros de altura, completamente transbordando. A situação é preocupante, já que as chuvas continuam caindo incessantemente, o que significa que o nível da água deve aumentar ainda mais.   Peço humildemente que orem por todos aqueles que estão enfrentando essa difícil realidade. #EnchenteRS #Solidariedade #Ciclone #riograndedosul"
enchente,dataset\enchente\3c4fd2fd1c9d8195fe974e1b01d24cc4.jpg,O Rio Grande do Sul está sendo castigado pelas fortes chuvas. Ajude-nos a ajudar outros.
enchente,dataset\enchente\feb05ed672f3f15fc71538d2cd4feb70.jpg,"Grande aterro iniciado na segunda metade da década de 1950 que definiu a Orla do Guaíba. O sistema de contenção de enchentes projetado nesta época  e executado no início da década de 1970, começa na altura da Freeway com a Assis Brasil e termina no bairro Cristal. Este colossal aterro da foto criou as áreas onde se encontram a maioria dos prédios públicos da área da Praia de Belas, como o prédio do IPÊ, do DAER, da Receita Federal, do Fórum Central,  do PROCERGS, do Centro Administrativo do Estado. Ainda propiciou a criação do Parque Marinha do Brasil. Assim como do Shopping Praia de Belas e o Estádio Beira Rio.  Nesta foto, também pode-se ver que a Avenida Borges de Medeiros tinha o seu final, na frente do prédio do Pão dos Pobres. Texto: Marcelo Carretta"
enchente,dataset\enchente\9dc53316def55389dd3e5cec1fca5b52.jpg,"Porto Alegre: Trecho da Orla do Gasômetro inundado. Cota do Guaíba: 3,28 metros. Data: 02/05/2024 Hora: 20:30  Fernando.O"
enchente,dataset\enchente\924e2036713b9fcf7c29059d70b2d6db.jpg,Atenção para bloqueio da br290 na altura do Parque Eldorado força da água cortou a BR!!  evitem o local nesse momento  !!  #clima #chuvas #temporais #radioprimaveraguaiba
enchente,dataset\enchente\0000233ecf172a8399e0cabe855bb47a.jpg,"Fotos registradas da maior enchente que Porto Alegre viveu a de 1941. Nível do lago Guaíba chegou a mais de 4 metros na época, e população precisou usar barcos para se locomover."
enchente,dataset\enchente\13b6295ca785a92c5ecf48ad657c55f0.jpg,"ENCHENTES | Em Novo Hamburgo, Rio dos Sinos está próximo da cota de inundação; Veja também as siuações dos rios Caí e Paranhana."
enchente,dataset\enchente\7b7c80baaaedd464742cbd72abfad07e.jpg,"Galera, nossa casa não é baixa, ela é mais alta que o pátio, lá fora a água tá batendo na barriga e dependendo do lugar até no peito... Não é como se a gente gostasse de viver assim, essa brutalidade começou no último ano, esse mês nós sofremos e estávamos atrás de um lugar para ir, hoje tínhamos marcado de ir ver uma casa e novamente levamos uma enchente na cara, graças ao arroio Cavalhada. Tô pensando ainda se abro uma rifa ou algo do tipo pelo menos pra arrecadar o valor de uns 3 meses de aluguel e o resto assumo, já que o rombo no bolso tá feito de duas enchentes no lombo... Seguimos gurizada, hoje eu desisti de voltar pra cá, vamos ver se arranjamos um lugar pra dormir e era isso, quando eu reclamo da prefeitura não é por ter vínculo com algum partido, é por ser do povo e levar uma tunda por negligência, nós vivemos as dificuldades, ninguém nos conta."
enchente,dataset\enchente\403723f2815518c9d3581b46d6f17d65.jpg,"Em razão das enchentes que ainda atingem Porto Alegre, e consequentemente com o uso do Bar Opinião como ponto de coleta de doações para os desabrigados, informamos que toda a nossa programação prevista para ocorrer nos próximos dias está sendo transferida. As novas datas serão divulgadas aos poucos, na medida das confirmações.  Não se preocupe com o seu ingresso! Todos continuarão vendo posteriormente. Já o retorno das nossas atividades será anunciado tão logo tenhamos a normalização da situação na capital. No momento, o nosso foco é ajudar as vítimas das enchentes. Estamos abertos das 9h das 19h, recebendo preferencialmente itens como colchões, roupas de cama, produtos de higiene, fraldas e água, repelentes, pomada de assadura, bicos, mamadeiras e roupas íntimas. Colabore!  Bar Opinião Rua José do Patrocínio, 834 - Cidade Baixa"
enchente,dataset\enchente\47ab1a5cefbb1f8edb94ec85b7a8ba9a.jpg,"ENCHENTES RS - VISTORIA AO AEROPORTO SALGADO FILHO, EM PORTO ALEGRE Expectativa inicial é que em dezembro, o aeroporto internacional Salgado Filho esteja novamente em operação na capital gaúcha."
enchente,dataset\enchente\d2cac8bb8f3f8c28207a09f270a8006a.jpg,Imagens do Aeroporto Salgado Filho e da Casa Rosada em POA. As agências dos correios estão aceitando donativos para às vítimas das enchentes sem custo algum. Vibrando por todos os amigos e pelo povo do RS
enchente,dataset\enchente\6b2b5ca07b78de22c43a93a7152260ed.jpg,"Nosso querido mascote esteve presente na reabertura do Aeroporto Salgado Filho, em Porto Alegre, celebrando a resiliência do Rio Grande do Sul após as enchentes.  Venha juntos conosco, recomeçar essa nova fase e reerguer nossos sonhos! #Turismo #SerraGaucha #Canela #Gramado #POA #PortoAlegre #SalgadoFilho #Esperança"
enchente,dataset\enchente\614888e0e9894da1eeb74d2c4ec2fd70.jpg,"Moradores da Vila Farrapos, em frente à Arena do Grêmio, buscam refúgio na alça de acesso a BR-448, enquanto o alagamento vai tomando conta dos arredores."
enchente,dataset\enchente\674ce0a8023181bf2dbe720e6d9ae993.jpg,Rodoviária está alagada  aguas do Guaiba  na Rodoviária de POA  começou por volta das 23h de ontem. Lojistas conseguiram retirar mercadorias Sigam Rádio Primavera Guaíba nas redes sociais e fiquem bem informados  Foto : Jonathas Costa / Correio do Povo  #chuvasnoriograndedosul #chuvas #alagamentos #inundações #clima #radioprimaveraguaiba
enchente,dataset\enchente\bcc0944347015cf92432c84de58c580b.jpg,"Após alagar novamente, Rodoviária de Porto Alegre opera sem alterações Água chegou a inundar saguão e assustou comerciantes no local Não há mais áreas alagadas na Rodoviária de Porto Alegre. O estabelecimento registrou inundações durante a noite de domingo e madrugada, após uma hora de chuva e vento forte, mas funciona normalmente nesta manhã. Restam interditados apenas alguns pontos, próximos a passarelas, o que não prejudica o fluxo de pessoas. O nível da água chegou a ultrapassar 15 centímetros no saguão do local, e os comerciantes foram obrigados a fechar lojas e bares. Bueiros extravasaram e lama ficou espalhada no piso. A cena reviveu temores similares ao mês de maio, quando a enchente deixou a Rodoviária sem operações por mais de um mês, e deixou setenta lojistas de portas fechadas. Assim como no início do ano, desta vez também faltou energia elétrica ali, mas a luz já foi retomada. De acordo com o gerente de operações da rodoviária, Jorge Rosa, a situação não prejudicou as viagens, que ocorrem normalmente. Ele também destaca que equipes finalizam os serviços de limpeza. “Foi apenas um susto. Não há mais alagamentos nem comércio fechado. As viagens de ônibus também permanecem dentro da normalidade. Resta apenas alguns pontos para limparmos, mas estamos resolvendo isso também”, disse Jorge Rosa, que é o funcionário mais antigo da casa, com 46 anos de serviço. Fonte: Correio dopovo"
enchente,dataset\enchente\386a3bb03b0f17aa2ef408308c415823.jpg,"Inundações na Estação Rodoviária de Porto Alegre A manhã desta sexta-feira testemunhou a presença marcante de inundações na Estação Rodoviária da Capital, evidenciando mais uma vez os desafios enfrentados devido às fortes chuvas na cidade. Diversos acessos à rodoviária foram afetados, incluindo a área de embarque e desembarque, além dos estabelecimentos comerciais ali localizados. Apesar dos transtornos, a operação continua, com atividades concentradas no piso superior."
enchente,dataset\enchente\a76248f24040d272e155fd6032db9601.jpg,"NOITE DE TERROR NO RS! FORTE CHUVAS VOLTAM A INUNDAR O VALE DO TAQUARI E VEÍCULOS E UMA VIATURA DA PRF"" SÃO ARRASTADOS PELAS FORTES CORRENTEZAS NA BR-116  O FATO  As águas de um açude estoura e invadem a BR 116, km 386, próximo ao Arroio Velhaco e à unidade da empresa Camil, entre Camaquã e Tapes, nesta  amanhã de quarta-feira, 13. Entre os carros que foram arrastados pela forte correnteza está uma viatura da Polícia Rodoviária Federal. Com a pista bloqueada, devido a inundação, com 80mm de chuva hoje, e 150mm desde a última  segunda-feira, 11, motoristas devem evitar esse trecho e usar rotas alternativas. VALE DO TAQUARI TEM GRANIZO E CHUVA FORTE NA NOITE DESTA QUARTA-FEIRA (13/09) Em Lajeado, no Vale do Taquari, teve chuva forte por volta das 22h desta terça-feira (12). O fenômeno durou cerca de 20 minutos, de acordo com os moradores, e acontece dias depois de tempestades e enchentes causarem inundações na região.  NOITE DE TERROR Outros municípios da região banhada pelo Rio Taquari também lidaram com o retorno da chuva nesta terça. Arroio do Meio teve queda de granizo também por volta das 22h. As pedras tinham eram de tamanho pequeno. Em Muçum, uma das cidades mais afetadas pela enchente que deixou 47 mortes no Estado, a chuva já havia caído mais cedo. Moradores e voluntários que buscavam limpar casas, estabelecimentos comerciais e ruas tiveram planos frustrados com a precipitação que alcançou a localidade durante a tarde.  Ainda nesta terça-feira, o Instituto Nacional de Meteorologia (Inmet) emitiu dois alertas vermelhos para a chuva forte no Rio Grande do Sul. Os avisos são válidos para até as 12h de quarta-feira (13). Eles se somam a outros dois, estes da cor laranja, que chamam a atenção para fortes rajadas de vento, mas com duração para até as 10h. A chuva e o vento devem permanecer no Estado até sexta-feira (15), atingindo diversas regiões. Os alertas vermelhos, que representam grande perigo, são para cidades do Centro, Sul, Vale do Rio Pardo, Norte, Fronteira Oeste, Serra e Região Metropolitana. Os avisos incluem, também, cidades do Vale do Taquari. Já os alertas laranjas, que simbolizam perigo, são para todo o Estado, com exceção do extremo sul, em cidades como Chuí e Santa Vitória do Palmar. Reportagem/JFV  Reprodução-FV jornalfolhadovalemetropolitano@gmail.com DESDE 1976 A HISTÓRIA PASSA POR AQUI"
enchente,dataset\enchente\8dfb974924a32410d3c2a8d26a3bc655.jpg,"A rodoviária de Porto Alegre está alagada. As águas do Guaiba invadiram a Rodoviária de POA. A inundação começou por volta das 23h de ontem (quinta-feira, 02/05). Lojistas conseguiram retirar as mercadorias. Foto : Jonathas Costa / Correio do Povo  #chuvasnoriograndedosul #chuvas #alagamentos #inundações #clima"
enchente,dataset\enchente\82d20d3249eb29f21091f19b75ef57a0.jpg,"A vantagem do Metrô de superfície é o custo, o mais caro é a barreira visual que divorcia o rio e a cidade, no trecho entre a Rodoviária e a Estação Central do Mercado Público, além das barreiras contra inundações, deverá ser o principal condicionante para a intervenção urbanística ""pós moderna e liberal"" do governo pífio de Sebastião Melo."
enchente,dataset\enchente\15625928d10be1e8e40e337d50c3fd8b.jpg,"Em razão da reforma do portão 12 do Sistema de Proteção Contra Inundações de Porto Alegre, transversal à av. Cairú, nesta segunda-feira, 13, e terça-feira, 14, haverá alterações no trânsito da região, das 9h às 16h. Toda a operação será sinalizada com indicações sobre os bloqueios para minimizar os impactos no trânsito, e os agentes vão monitorar a circulação e orientar os motoristas. As informações serão atualizadas, em tempo real, pelo perfil do nosso Twitter, @EPTC_POA.    Os veículos que circulam a partir da ponte do Guaíba pela rua Voluntários da Pátria em direção ao Centro terão bloqueado o acesso 1 e não poderão atravessar sob a Castello Branco para alcançar a beira do rio. A opção para chegar à região da rodoviária é seguir pela Voluntários.   Quem trafega na chegada à Capital pela avenida Mauá, no trecho de Navegantes, deverá acessar a Castello Branco ou retornar para rua João Moreira Maciel.  Saiba mais: https://bit.ly/2WeBTlj : Luciano Lanes/PMPA"
enchente,dataset\enchente\b5b4d42b47c97b3f8c2aa38081eba374.jpg,"Vamos vencer, mais uma vez, esse momento difícil.  Continuamos prestando assistência às famílias afetadas por inundações, fornecendo lonas, transporte para abrigos seguros, e realizando a limpeza de ruas, desobstrução de redes pluviais, arroios e valas. Já as aulas do EJA, que acontecem durante a noite, foram canceladas para manter a segurança dos alunos nas seguintes escolas: EMEF Rio Grande do Sul, EMEF José Carlos Ferreira, EMEF Santa Rita, EMEF Amadeu Bolognesi. Em caso de emergência, não hesite em entrar em contato com as autoridades: Defesa Civil - (51) 98952.6257  Brigada Militar - 190 Polícia Rodoviária Federal - 191 SAMU - 192 Bombeiros - 193 #defesacivil #chuva #guaíba #prefeituradeguaiba #avançaguaíba #riograndedosul"
enchente,dataset\enchente\405a08872620c77c4dcc0f94217729e2.jpg,E aqui vai o meu videocast sobre os desdobramentos das inundações no Aeroporto Salgado Filho de Porto Alegre/RS. #ExpertBOX #YouTube #CiênciaeTecnologia #engenharia— en  Porto Alegre - Rio Grande do Sul .
enchente,dataset\enchente\1283c8bff8eaa3cf8a24fe27d7b50107.jpg,"Fardos de água potável chegaram à Universal Ipanema no sábado e já foram entregues neste domingo (12) às famílias que estão sem abastecimento na zona sul de Porto Alegre. E aqui registramos, também, o nosso agradecimento a todos que têm ajudado as vítimas das enchentes em nosso estado. A Universal Ipanema segue recebendo doações para auxiliar as pessoas que foram afetadas pelas inundações. Na Av. Eduardo Prado, 2201."
enchente,dataset\enchente\9f3c4280036f1c93af237d9ec1943ee9.jpg,"Porto Alegre  também está indo para esse mesmo caminho pelo excesso de concreto que a especulação imobiliária vem colocando ao invadir locais que deveriam ser protegidos através de uma política ambiental verdadeiramente comprometida!  Aqui o que se está vendo nessa administração atual é o avanço dessa especulação à exemplo do que vem ocorrendo com a Floresta de mata Atlântica do bairro Jardim Sabará!  A especulação imobiliária nesse local coloca em risco 40 hectares de área verde e, se isso for permitido, haverá mais aquecimento urbano e inundações. A enchente do ano passado não serviu de lição para as grandes corporações, não estão nem aí para a população, visam tão somente o lucro acima de tudo e de todos..."
enchente,dataset\enchente\c838ffd0f02fc3b22d8ef526b5c34f24.jpg,"Todas as comportas de Porto Alegre estão fechadas. Após decretarmos situação de emergência na Capital, devido a elevação do nível do Guaíba nos próximos dias, estamos tomando todas as medidas necessárias para conter os danos dos alagamentos e inundações.   ALERTA PARA MORADORES DAS ILHAS, CENTRO HISTÓRICO E 4º DISTRITO:   Alertamos a população sobre o nível do Guaíba que segue em elevação e pode chegar em nível superior a 4m - a cota de inundação é 3m. Há riscos de inundação de bairros do 4º Distrito, como Humaitá, Navegantes, São Geraldo e Floresta, e da parte baixa do Centro Histórico.  Recomendamos que levantem seus móveis, eletrodomésticos e utensílios, retirem veículos das ruas e busquem abrigo junto a familiares ou na estrtura de acolhimento emergencial, localizado no Pepsi On Stage: av. Severo Dullius, bairro Anchieta (24 horas).  A Comissão Permanente de Atuação em Emergência (Copae), integrada por diversos órgãos municipais e estaduais, acompanha a situação. Nossas equipes estarão de prontidão para atender ocorrências em todas as regiões da cidade.  Dúvidas e emergências: Defesa Civil – 199 Corpo de Bombeiros – 193 Serviços da PrefPoa – 156 EPTC - 118"
enchente,dataset\enchente\bad244139fd1220b8d59a4185e7e9a5f.jpg,"Ponte de Pedra, Largo dos Açorianos: Seu nome de origem era Arroio Sabão por nascer na represa de mesmo nome, mas as frequentes chuvaradas com consequentes inundações, acabaram lhe conferindo um segundo nome, Diluvio. Antigamente, o riacho dasaguava na Ponta da Cadeia, (que hoje não existe mais), ao lado da Usina do Gasômetro, e antes de chegar ali passava embaixo da Ponte de Pedra, que existe ainda hoje, perto do atual Largo dos Açorianos. Onde nasce o arroio Diluvio? O Dilúvio é o maior riacho que corta a cidade de Porto Alegre, em consequência a este fato, acaba cruzando por grande parte dos trechos urbanos da cidade que em décadas passadas, inundava com grande frequência alguns bairros localizados a sua margem como o Menino Deus, Azenha, Santana e a Cidade Baixa. O Arroio Dilúvio nasce na Lomba do Pinheiro, Zona Leste da Cidade, na Represa da Lomba do Sabão localizada no Parque Saint-Hilaire em Viamão. Recebe vários afluentes como os arroios dos Marianos, Moinho, São Vicente e Cascatinha e deságua no limite entre os parques Marinha do Brasil e Maurício Sirotsky Sobrinho (Harmonia). Blog Luis Fonte."
enchente,dataset\enchente\d4275bd30ec6f5f647bcd1c5b20af312.jpg,"Coletânea ""Enchentes 2024"" O Arquivo Histórico de Porto Alegre Moysés Vellinho (AHPAMV) recebeu em doação uma coletânea encadernada de edições do ""Jornal do Comércio"", contendo edições de 01 de maio a 06 de junho do ano de 2024; única empresa jornalística a conseguir manter a disponibilização de edições impressas em Porto Alegre durante as enchentes que atingiram nosso estado e nossa capital no mês de maio deste ano de 2024; evento climático que repetiu, de forma ampliada, a grande enchente que atingiu o nosso estado do Rio Grande do Sul e nossa capital Porto Alegre no ano de 1941; assim como a primeira grande enchente em outubro de 1873 e a segunda, em junho de 1897, na qual a histórica ponte da Azenha foi destruída. Acompanha a coletânea cópia impressa avulsa do suplemento do Jornal Correio do Povo, de 26/09/2023, com o título: “Conheça a história de oito grandes inundações em Porto Alegre antes de 1941” e, também, a edição número 16, ano 92 do jornal, do dia 17 de junho de 2024 do Jornal do Comércio com manchete sobre a ocorrência de migração definitiva de populações dos municípios atingidos para outros municípios especialmente para o litoral. A doação foi feita pelo servidor do AHPAMV, arquivista Gabriel Russo Ferreira, para fins de registro da história da cidade, pesquisas e estudos sobre o evento."
enchente,dataset\enchente\779909c5026aeebb8189803f96ffa468.jpg,"""A água que estava nas ruas do entorno da Azenha, em Porto Alegre, baixou na tarde desta quinta-feira (9). Com ajuda de geradores de energia, foi religada a Estação de Bombeamento de Água Pluvial (Ebap) 14, localizada na Ipiranga, ao lado da Polícia Federal. A operação permite que a água que está nas ruas seja bombeada novamente para o dilúvio. Em cerca de uma hora, o cenário da rua mudou completamente, diminuindo o alagamento também em ruas do entorno. Porto Alegre tem 23 Ebaps, sendo que 19 delas foram desligadas em razão das inundações. Agora, seis estão em operação. Na quarta-feira ( , a casa de bombas 12, que fica no Parque Gigante, também foi religada.  O objetivo do Departamento Municipal de Água e Esgotos (Dmae), agora, é trabalhar para viabilizar o funcionamento das Ebaps 16, na Rótula das Cuias, 5, no Humaitá, e 6, no Anchieta. Assim, conforme o Dmae, estão em operação as seguintes Ebaps: 11 A - Coronel Claudino 11 B - Icaraí I 19 - Vila Planetário 7 - Santa Maria Goretti e Vila Sesi 12 - Parque Gigante ⁠14 - Policia Federal“"
enchente,dataset\enchente\6a07bcea081cb5073259f13ddf9946d0.jpg,"ALERTA DE PREPARO EM PORTO ALEGRE Hidrólogos do Instituto de Pesquisas Hidráulicas da UFGRS publicaram um alerta de risco de inundações em Porto Alegre e pedem que autoridades preparem a evacuação de diversos bairros da capital. Os especialistas reiteram que o pedido é ""preparação"" para o pior cenário, diante do ""desenvolvimento de um cenário crítico nas próximas horas e dias"". Segundo os hidrólogos, se o sistema de defesa de Porto Alegre colapsar, os seguintes bairros podem ser afetados:  Sarandi  Humaitá  Navegantes  São Geraldo  Floresta  Centro Histórico  Praia de Belas  Menino Deus   Azenha  Cristal  Ipanema  Ponta Grossa  Belém Novo  Lami O mapa publicado considera ""condições extremas"" no pior cenário, mas os especialistas reforçam o pedido para que seja considerado como ""possibilidade iminente"" — Com infos de GZH - Jornal Zero Hora SIGAM:  #EquipeNevesEmAção https://t.me/OPOVONOPODER13"
enchente,dataset\enchente\b83a2fcc19a3172630a5676c7db70ebe.jpg,"A chef argentina-brasileira Paola Carosella, se uniu a outros voluntários na Cozinha Solidária da Azenha em Porto Alegre, Rio Grande do Sul (RS), na missão de preparar refeições para as vítimas das inundações no estado.  Nas redes sociais, a chef compartilhou o sucesso do trabalho coletivo: só no almoço, a equipe produziu impressionantes 3,4 mil marmitas. Ela ainda disse que aprendeu a fazer “o arroz mais soltinho” com as cozinheiras do local. “A quantidade de voluntários, as pessoas que vêm aqui, o humor apesar de tudo, o amor gigante que tem me dá esperança. A esperança que às vezes não tenho de uma sociedade melhor, aqui a reganho”, destacou a chef.   Leia mais no www.sonoticiaboa.com.br"
enchente,dataset\enchente\f622a7877a99d1508021a777e7506c51.jpg,"Centro de Porto Alegre (RS) alaga e especialistas pedem planejamento para evacuação Águas do Rio Guaíba avançam no centro de Porto Alegre e inundam ruas. Foto: Reprodução Um grupo de hidrólogos do Instituto de Pesquisas Hidráulicas da UFRGS (Universidade Federal do Rio Grande do Sul) publicou um alerta de risco na manhã desta sexta (3) recomendando que autoridades preparem a evacuação de diversos bairros de Porto Alegre. Os especialistas indicam que haverá uma elevação rápida das águas na cidade. O alerta foi divulgado por volta das 9h desta sexta e o grupo pede para que autoridades preparem a evacuação dos moradores, mas não que a população deixe o local imediatamente. Os especialistas apontam que existe o “desenvolvimento de um cenário crítico nas próximas horas e dias”. O grupo considera que a situação pode ficar crítica caso os sistemas de contenção falhem parcial ou totalmente. A proteção de Porto Alegre é feita principalmente por muros, comportas e rodovias elevadas. Na região central da cidade, o muro de Mauá foi projetado para suportar uma enchente de até 6 metros. Caso haja colapso dos sistemas de defesa, o alerta prevê que as principais regiões afetadas devem ser Sarandi, Humaitá, Navegantes, São Geraldo, Floresta, Centro Histórico, Praia de Belas, Menino Deus, Azenha, Cristal, Ipanema, Ponta Grossa, Belém Novo e Lami. Mapa divulgado pelo grupo de hidrólogos mostra os possíveis impactos da inundação em diferentes bairros de Porto Alegre. Foto: Reprodução O comunicado feito pelo grupo da UFRGS divulgou um mapa que mostra quais áreas podem ser afetadas pela inundação em “condições extremas”. Apesar de não pedir uma evacuação imediata, os especialistas dizem que autoridades do estado devem “considerar a possibilidade iminente”. A Defesa Civil do estado emitiu uma alerta para “inundação extrema” no Rio Guaíba e o prefeito de Porto Alegre, Sebastião Melo (MDB), informou que o portão 14 do sistema contra inundações rompeu nesta sexta (3), o que “pode acarretar inundações na Avenida Sertório, zona norte da capital”. O nível do Guaíba pode ultrapassar cinco metros nas próximas horas, de acordo com a Defesa Civil, e chegou a 3,7 metros na manhã desta sexta. Algumas ruas do centro de Porto Alegre já foram cobertas de água. Veja vídeos:  Guaíba avança sobre Centro de Porto Alegre e inunda ruas. Prefeito de Porto Alegre pede que população deixe as ruas. Águas do Guaíba podem chegar a 5 metros hoje, medição que seria histórica."
enchente,dataset\enchente\e58d8d5ada19e57e0db5da45e6d28fe0.jpg,RIO GRANDE DO SUL   Enchente inutilizou vários pertences de moradores da capital. Saiba mais no   Portal aRede.
enchente,dataset\enchente\5fbc8279daf1c50d2887e67174c7e71c.jpg,"Segundo o último censo realizado pela prefeitura de Porto Alegre, havia em torno de 4,8 mil pessoas em situação de rua. Números estes anteriores ao fechamento de pousadas e da enchente de 2024. Numa rápida passagem pelo Centro e Cidade Baixa já é possível perceber as mudanças nas ruas da capital. Porto Alegre ainda vai demorar muito tempo pra voltar a ser alegre de verdade. E você, já percebeu essa mudança no seu bairro? #fotografiadocumental #situaçaoderua #moradoresderua #vulnerabilidadesocial #prefeituradeportoalegre #pobreza #enchente #catastrofesocial #dignidade #desigualdadesocial #moradia #politicapublica #poderpublico #poainvisivel #aporofobia #marciogarcia"
enchente,dataset\enchente\335f79405762117ec033508976be2fdf.jpg,"Informação GZH, pedido do prefeito Melo. O que dizer? Taxistas, Motoristas de ônibus (cobradores, ele está extinguindo), professores, advogados, jornalistas, floristas, pessoal da saúde, garis, população de Porto Alegre, certeza que Alegre não é mais. Retardem seus compromissos. Quem tem que bater ponto, cuidar da saúde e transportar o povo que resiste em morar aqui, entre tantos. Não se arrisquem a sair de casa. Toda chuva é essa angústia e a mesma falácia.  Não se mora mais na capital gaúcha. Nós somos reféns de uma falta de estrutura. Sem Luz, Sem água, sem capina e sem muitas das coisas que crescemos acreditando fazer parte do que se caracteriza como conceitos de dignidade e de cidadania. Cultura, Educação, Saúde, Água, Luz, esgoto, contenção de enchente, muito básico e se paga imposto prá isso. Peço prá oposição (na França apesar de muitas críticas se fez isso).  Se unam todos, independentes de distribuição de cargos (ahh tem isso sim) e rusgas de belezas.  Nunca mais deixem a população refém de uma administração que governa com uma cartilha que nos impede de sair e de voltar prá casa (quem ainda tem casa em POA). Ou ter a vergonha de ouvir em rede nacional, - acho que era melhor vocês irem para praia nesse momento (ao vivo no JN da Globo  com apresentação de Willian Bonner em maio de 2024 durante a calamidade da enchente).  Ir para praia à nado? Porto Alegre ficou sem rota de saída. Tá de brincadeira?  Estadual (tem eleições em 2026), Federal(tem eleições em 2026) e municipal (daqui a 4 anos).  Não rifem candidaturas!!! A população não merece isso!!!"
enchente,dataset\enchente\9f78b6c9cc0dc57b9902f333a421af9f.jpg,"""Arquitetos acusam prefeitura de descaso, e MP abre inquérito para saber por que município de Porto Alegre não agiu para recuperar material. Ao órgão, executivo disse que perda é de 40%, mas site do Escritório de Licenciamento fala em “perda total”  Importante parte da memória urbanística de Porto Alegre foi considerada condenada pela prefeitura. Trata-se de milhares de pastas e documentos físicos que compõem o arquivo do Escritório de Licenciamento e que ainda estão armazenados no prédio da antiga Secretaria Municipal de Obras e Viação (Smov), no bairro Praia de Belas. O térreo do edifício foi inundado durante a enchente de maio de 2024, comprometendo parte do acervo de construções de Porto Alegre que datam desde 1970. Pelo menos desde fevereiro, o site do Escritório de Licenciamento informa que o arquivo físico com 50 anos de documentos foi dado como perdido: “Informamos que, por motivo de força maior, em decorrência dos alagamentos provocados pelas chuvas, em maio de 2024, as instalações do Arquivo foram gravemente atingidas, provocando danos irreversíveis na estrutura do prédio e a perda total do acervo físico”. A partir de uma denúncia, o Ministério Público pediu explicações à prefeitura em quatro oportunidades no ano passado. Foi ignorado. A promotora Annelise Steigleder, então, abriu o inquérito para investigar o caso em dezembro. No primeiro retorno do município após a abertura do inquérito, foi informado que, após uma vistoria no prédio da Smov, cerca de 40% do acervo havia sido inutilizado pelas águas. A resposta é diferente à que a prefeitura passa aos profissionais que requerem acesso aos expedientes únicos. A eles, a comunicação dá conta que todo o arquivo não digitalizado foi perdido."" https://www.matinaljornalismo.com.br/.../gestao-melo.../"
enchente,dataset\enchente\b1d009649ea4a25cc259214684a653ca.jpg,AGORA | Três Coroas sob enchente significativa do Rio Paranhana. Inundação chega a cobrir os automóveis nas ruas.  DATA: 16/06/2024
enchente,dataset\enchente\a9b086b1be6a3011b2394c5efec7919f.jpg,Mercado Público | 03 de Maio 2024! Na tarde dessa sexta-feira águas do Guaíba que adentram Porto Alegre chegou ao Mercado Público. Rezamos e pedimos aos Orixás misericórdia. Cuidem-se
enchente,dataset\enchente\2a384cf953d8775aa1d7621448be3365.jpg,"Bom dia. 11/04/2025. Monumento em homenagem aos voluntários anônimos da enchente de Maio de 2024, aqui em Porto Alegre RS."
enchente,dataset\enchente\5a4e16238fe1636266b3641e746c7bd6.jpg,"AlfaAgency e Alfabetismo Visual parabenizam os fotógrafos Ale Bruny/ AlfaAgency @alebruny e Bruno Machado @brunomachadosou pela dedicação cobrindo a tragédia ambiental no Rio Grande do Sul e por serem selecionados para o Festival Foto BSB @festivalfotobsb na companhia de tantos outros incansáveis grandes talentos e profissionais oferecendo perspectivas, documentação visual e consciência sobre a mais urgente das questões globais: Resiliência e Habitar na Emergência Climática.  Fotos 1 a 5 : Retratos da fotojornalista Ale Bruny trabalhando em campo por Bruno Machado / Maio 2024 / Porto Alegre  Fotos 6 a 10: Retratos do fotojornalista Bruno Machado trabalhando em campo por Ale Bruny / Maio 2024 / Porto Alegre  #fotografia #fotojornalismo #alfabetismovisual #climatecrisis"
enchente,dataset\enchente\52dc2d44573d3304926e3f4fcdcf598d.jpg,"Poucos dias de passeio e com muita história: casa Mário Quintana, Bienal, centro de POA e orla do Rio Guaíba! Monumento de maio 2024 foi o mais impactante!"
enchente,dataset\enchente\00886e377ccc85d969035a30a0cf70d2.jpg,"Orla de Ipanema, Porto Alegre-RS. O melhor pôr do sol do mundo. Mesmo depois do caos das enchentes de maio de 2024 o lugar é lindo."
enchente,dataset\enchente\51e89bf7663a4bc50d0fd8efdbc48e13.jpg,"Voluntários que resgataram armas em vez de crianças durante enchente pedem indenização de R$ 1,2 milhão à Taurus e à União"
enchente,dataset\enchente\662d30cc5b765c94c8c4986d9f5f4db6.jpg,"Hoje quando o  Supermercado Carnetti  abriu já estava alagado, na Av. Dos Gaúchos, 1.237 bairro Sarandi. Sábado 04 de Maio 2024.— en  Zona Norte De Porto Alegre ."
enchente,dataset\enchente\4e169a240bbc637bb12a85f2893bc051.jpg,"Se liga aí galera, tem festa da criança legal amanhã no campo de futebol na vila Brasília . Amanhã sábado dia 12/10 a partir das 14h. horas moradores do bairro Sarandi  iniciarão uma festa direcionada a famílias que ainda estão em fase de reconstrução após enchente ocorrida no mês de maio de 2024 . Vamos ter diversas brincadeiras para crianças e familiares, distribuição de brinquedos doces, refrigerante,cachorro quente bolo de chocolate,brindes surpresas  Atração musical violão e voz Choco. Cama elástica, Tatuagem no rosto Algodão doce Pipoca. E muitos outros sorteios legais, venha participar traz teus filhos. Venham participar dessa festa linda. Organizada por Luiz, eletricista e equipe de apoio e moradores locais. Todos se ajudam esse  é nosso bairro Sarandi."
enchente,dataset\enchente\6d39146cf49bcd21739cdf33a88aec6d.jpg,"Via  Brasil de Fato  RS  DESASTRE CLIMÁTICO  Depois de 11 meses do pior desastre climático e socioambiental que atingiu o Rio Grande do Sul, o Ministério Público do Rio Grande do Sul (MPRS) ingressou, nesta segunda-feira (31), com uma Ação Civil Pública ACP) contra a Prefeitura de Porto Alegre, no valor de R$ 50 milhões. O processo se refere a indenização de danos morais coletivos e danos materiais e morais individuais homogêneos causados pela enchente histórica de maio de 2024. Na capital gaúcha, a enchente histórica atingiu mais de 160 mil habitantes (cerca de 12% da população), espalhadas em 46 bairros. Como também mais de 39 mil edificações e mais de 45 mil atividades econômicas. Conforme cita a ação, os segmentos mais prejudicados correspondem aos moradores dos bairros periféricos, habitados por grandes contingentes de população de baixa renda. Como o Sarandi, que registrou 26.042 vítimas, e Farrapos com 17.522. “Sem embargo, bairros centrais da cidade, habitados predominantemente por populações de renda média e alta foram igualmente afetados: 18.231 moradores do Bairro Menino Deus e 9.938 moradores do Bairro Cidade Baixa foram alcançados pela cheia”, aponta. #AtingidosPelaEnchente #Indenização #PortoAlegre   Apoie a imprensa local independente  apoia.se/amigosdobrasildefators"
enchente,dataset\enchente\e4599315f73fa6d8dd32b4b50bf7ac0c.jpg,"Dia 20 de maio de 2024/ Estamos na carona do táxi prefixo 1588 do Afonso, mostrando na vila Elizabeth inicia na rua domingos de Abreu, av. Martins Bastos e av. 21 de Abril, a dimensão dos estragos feito pela enchente do Rio Guaíba... Triste realidade que mais parece um sonho sem Fim."
enchente,dataset\enchente\7db142218cce49e512864986c327631e.jpg,"4 de maio 2024_Alguém reconhece esse ali na Alcides Maia com Faria, restaurante meu cantinho debaixo d'água, final dos tempos no Sarandi."
enchente,dataset\enchente\121a77a56c4e8e92b631b3064ac9904e.jpg,"Enchente chegando no Bairro Sarandi Zona Norte, passando pelo Supermercado Carnetti na Av. Dos Gaúchos.   Sábado 04 de Maio 2024 (03:05h).— en  Zona Norte De Porto Alegre ."
enchente,dataset\enchente\3d7becb98237f3011b0a211a856b8b95.jpg,"AMIZADES AMO VCS, umas imagens as 8 hs dia 6 MAIO 2024  COMPARTILHE e quem puder ajudem as pessoas perderam TUDO e com DEUS e a garra e solidariedade será tudo adiquido nem que seja doado é bem vindo ,pense vc perder tudo dentro da sua casa, aqui na Av Toledo PIZA a 5 ,6 casas da  esquina com AV SOUZA MELO e a igreja Santa Catarina a 1km da Av Assis Brasil  Zona Norte Grande Sarandi divisa com Alvorada Cachoeirinha Canoas Eldorado, Guaíba  etc..."
enchente,dataset\enchente\735a80ba2f5860f1f307fafba6774b91.jpg,"A Defensoria Pública do Estado do Rio Grande do Sul (DPE/RS) vai realizar mutirões de auxílio jurídico nos dias 13 e 27 de novembro (quartas-feiras), no Posto de Atendimento Avançado da Prefeitura, na região Humaitá-Navegantes, zona norte de Porto Alegre. Esses mutirões são uma resposta à grande demanda por serviços jurídicos nas áreas mais afetadas pelas enchentes de maio de 2024, como é o caso da zona norte, que ainda sofre com os impactos da tragédia climática. A DPE/RS oferecerá orientação sobre benefícios como o Volta por Cima e Pix SOS, ambos do Governo Estadual, e também realizará atendimentos em outras áreas, ajudando a população a ter acesso aos seus direitos e a resolver questões jurídicas importantes. Se você está na região e precisa de apoio jurídico, não deixe de aproveitar essa oportunidade!"
enchente,dataset\enchente\7d60d6dc338c7d19cd6c17d4784a46d8.jpg,"O Guaíba tomou a Avenida Beira Rio , Belém Novo - Porto Alegre/RS. Às 9 horas do dia 5.5.2024. Foto:  Luiz Ferrugem"
enchente,dataset\enchente\b083a28e9476d8844e22db4725dbf9b0.jpg,"#IphannoNovoPAC | Em maio de 2024, as fortes enchentes que atingiram o Rio Grande do Sul deixaram marcas profundas na cidade de Porto Alegre. Um dos espaços  afetados foi o Memorial do Rio Grande do Sul, prédio centenário tombado pelo Iphan, que também abriga o Arquivo Histórico e o Museu Antropológico. Agora, o Iphan dá início às obras de restauração do edifício, com investimento de R$ 6,6 milhões pelo Novo PAC, em parceria com o Governo do Estado. A intervenção contempla não apenas o prédio, mas também o sítio histórico ao redor, da Praça da Alfândega à Praça da Matriz, passando pelo Cais Mauá. Outros espaços culturais da capital também serão recuperados, como o Museu da Comunicação Hipólito José da Costa, que receberá mais R$ 11 milhões em investimentos. A ação integra um esforço maior de reconstrução das áreas atingidas, com foco na preservação da memória, da cultura e da identidade do povo gaúcho. Porto Alegre tem memória e nós estamos cuidando dela."
enchente,dataset\enchente\2dbc0ecdd43777c39d8a09726722bcb0.jpg,"TRAGÉDIAS ANUNCIADAS.  A boiada do ex-ministro Ricardo Salles está passando.  PETRÓPOLIS/RJ, ESTADOS DA BAHIA. MINAS GERAIS, ESPÍRITO SANTO E OUTROS ESTADOS DO BRASIL ATINGIDOS POR CHUVAS, ENCHENTES, DESLIZAMENTOS DE TERRA, MORTES.   Total solidariedade ao povo de Petrópolis por mais essa tragédia.  Pena que a imprensa brasileira não diz claramente que todas as tragédias, inundações, chuvas torrenciais em Petrópolis, na Bahia, em Minas Gerais e outros estados do Brasil são causados pela ganância de grileiros por terra para criar bois e plantar soja e por garimpeiros, apoiados pelo governo da morte do presidente atual. A destruição das nossas florestas, a morte dos nossos rios, as queimadas e derrubada de árvores resulta em tragédia e em mortes."
enchente,dataset\enchente\0bf28c8ac55b6e85845c4db5b57d59de.jpg,"Na década de sessenta, tivemos o que se chamou na época uma tromba d'água, que caiu na cabeceira do rio do Divino Espírito Santo e inundou o centro de Poções. A margem esquerda tinha o Hotel Glória do saudoso Arlindo, avô de minha colega Gardênia, onde morava nossa professora, Eliaa, filha de Tibúrcio, homem sisudo que se recusou confessar os pecados ao Padre Honorato em seu leito de morte. A força da água arrastou todos os pertences do hotel, bem como dos seu hóspedes. A defesa civil ficou sobre a ponte, na época de madeira com água na cintura, tentando recuperar os objetos trazidos pela correnteza. Lembro-me bem, do meu pai Dr.Jorge Rodrigues Vieira, advogado, e do Oficial de Justiça, Omar Rocha. Pouco conseguiu se salvar, o hotel ficou destruído e passou a funcionar na rua: Olímpio Rolim (ao lado do clube social) hoje, Filarmônica 26 de Junho. Apesar do volume da água, nunhuma casa às margens do rio São José foi inundada, bem verdade que não tinha nenhuma casa construída do lado esquerdo da Sete de Setembro, nem nos fundos da rua da Itália, o ladrão do Açude era do lado oposto ao atual e todo revestido de cimento, hoje virou rua, e o leito do rio São José era raso e estreito. Quase todos os dias tomávamos banho nele, após o tradicional jogo de futebol onde tínhamos um campinho com grama nativa. Aliás foi alí, que apelidamos Antônio Mascarenhas de Tonhe Gordo, apesar de sua magreza. Quanto as casas que estão construindo dentro da lagoa do bairro Primavera teremos as casas inundadas sempre que chover principalmente agora que estão construindo na saida da lago e vários terrenos foram doados pela prefeitura em gestões anteriores e na medida que as casas forem contraídas as inundações serão mais frequentes #poções #chuvas #bahia #itabuna #ilheus APOIO INFORMATIVO: ●DELIPAN PANIFICADORA AV. PEIXOTO JÚNIOR, 367 BAIRRO PRIMAVERA E AVENIDA JUCELINO KUBTSCHEK, 825 PITUBA POÇOES/Ba Whatsapp: (77) 99847-4892 ●VEREADOR NETO DE DODÓ: ""UM NOVO TEMPO COMEÇA AGORA"" ●PIZZARIA E LANCHONETE 100 SONO A MELHOR DA CIDADE LIGUE: (77)988225336 FAÇA O SEU PEDIDO ●RR SERVICE CAR SUA OFICINA EM R: VIRGÍLIO DAMÁSIO, n°31 ●AÇOUGUES ANGÉLICA A MELHOR CASA DE CARNES E PEIXARIA DA REGIÃO DE POÇÕES WHATSAPP: (77)999646265 PRAÇA DO MERCADO ●SUPERMERCADO DA ECONOMIA PREÇO BOM E BARATO TODOS OS DIAS AV. PEIXOTO JÚNIOR, n°81 WHATSAPP: (77)981239979 ●PRESIDENTE DA CÂMARA DE VEREADORES DE POÇÕES, VEREADOR ZÉ MAURO: ""A EXPERIÊNCIA FAZ A DIFERENÇA"" ●POUSADA ACONCHEGO APARTAMENTOS COM AR CONDICIONADO, FRIGOBAR, RESTAURANTE  E   GARAGEM PRAÇA DA BANDEIRA,282 POÇÕES BAHIA   Whatsapp (77)3431-1768 JORNALISTA MARCOS MORETTI VIEIRA"
enchente,dataset\enchente\172cf8e310b65614148063c65f603595.jpg,Inundações na Bahia
enchente,dataset\enchente\378f883878cee8d8d9ace2694d444fd0.jpg,"Fortes chuvas provocam inundações em ruas de Wenceslau Guimarães As fortes chuvas que caíram na noite desse sábado, (23), e na madrugada deste domingo, (24), em Wenceslau Guimarães, causaram inundações em alguns bairros do município e fizeram os moradores reviverem momentos de angústia parecidos com o que foram registrados em dezembro de 2021, quando mais de 400 famílias foram afetadas pelas enchentes que atingiram várias cidades na Bahia. As chuvas das últimas horas afetaram, principalmente, às ruas Plínio e Silva e Maria Carvalho. Imagens registradas no início da manhã deste domingo mostram uma das ruas completamente tomada pela água e dezenas de residências inundadas, com moradores tendo que deixar o local.  Em dezembro de 2022 o transbordo de uma barragem também provocou inundação em bairros do município, atingindo diretamente pelo menos 30 casas.  As chuvas deste final de semana haviam sido anunciadas já na sexta-feira, (22), pelo Instituto Nacional de Meteorologia - Inmet."
enchente,dataset\enchente\fdc4df8deab8c68245e8967778866e16.jpg,AVENIDA ITAMARAJU  DOS DOIS LADOS  Prado-Bahia  BAIRRO LADO DO RIO JUCURUÇU  INUNDAÇÕES  BAIRRO  LADO  DA VALA INUNDAÇÕES  #todosporPrado  #pradobahia
enchente,dataset\enchente\34f9f543950e6be7290aa3d68d17e906.jpg,"Ibirataia bahia, que a muito anos não sofre inundações como hoje... A chuva intensa tambem deixou nossa cidade inundada.. Mais Deus no controle de tudo, pois Ele nos dara forças para reeconstruirmos tudo.. Ele é fiel.. Força povo Ibirataenses"
enchente,dataset\enchente\d36c342440f5c8d432b1ce43b83a3115.jpg,"É DE EMOCIONAR   Um vídeo que circula nas redes sociais mostra o drama de milhares de baianos, que sofrem por causa das inundações. Pare uns minutinhos para assistir. É impossível não se emocionar ou ser tocado pela situação vivida pelos nossos vizinhos #FolhaVitoria  Bombeiros do ES estão na Bahia para ajudar vítimas da chuva. Leia aqui: https://www.folhavitoria.com.br/.../video-bombeiros-es...  Arnaldo Lampier/Facebook"
enchente,dataset\enchente\230183ec510a04feb3a9f9b9be7e4262.jpg,"Situação trágica com as inundações que estão ocorrendo em Ilhéus, Itabuna e em várias cidades do Estado da Bahia. A ajuda de pessoas do Brasil e do mundo é bem-vinda (no card aqui tem uma orientação sobre como ajudar).  Estou ávida pela segurança e pelo bem-estar de todas/es/os atingidas/es/os, e sedenta por investimento, conhecimento estratégico e projetos concretos que nos desvulnerabilizem no máximo possível.  Axé. Ubuntu."
enchente,dataset\enchente\cf59c555424d948c380f6b341b98dbf2.jpg,CHUVA EXTREMA | Inundações hoje em Doutor Maurício Cardoso (RS) após chuva extrema de quase 300 mm. Saiba mais e leia alerta em metsul.com.   Prefeitura/Divulgação
enchente,dataset\enchente\9eb63b44c4c72b7e37144f5d21f4f9f1.jpg,"Via  Brasil de Fato  RS  DESASTRE CLIMÁTICO  Depois de 11 meses do pior desastre climático e socioambiental que atingiu o Rio Grande do Sul, o Ministério Público do Rio Grande do Sul (MPRS) ingressou, nesta segunda-feira (31), com uma Ação Civil Pública ACP) contra a Prefeitura de Porto Alegre, no valor de R$ 50 milhões. O processo se refere a indenização de danos morais coletivos e danos materiais e morais individuais homogêneos causados pela enchente histórica de maio de 2024. Na capital gaúcha, a enchente histórica atingiu mais de 160 mil habitantes (cerca de 12% da população), espalhadas em 46 bairros. Como também mais de 39 mil edificações e mais de 45 mil atividades econômicas. Conforme cita a ação, os segmentos mais prejudicados correspondem aos moradores dos bairros periféricos, habitados por grandes contingentes de população de baixa renda. Como o Sarandi, que registrou 26.042 vítimas, e Farrapos com 17.522. “Sem embargo, bairros centrais da cidade, habitados predominantemente por populações de renda média e alta foram igualmente afetados: 18.231 moradores do Bairro Menino Deus e 9.938 moradores do Bairro Cidade Baixa foram alcançados pela cheia”, aponta. #AtingidosPelaEnchente #Indenização #PortoAlegre   Apoie a imprensa local independente  apoia.se/amigosdobrasildefators"
enchente,dataset\enchente\6dcaece3073ba25927dae53c8825993a.jpg,"S.O.S RIO GRANDE DO SUL,SUL DO BRASIL. TRAGÉDIA DA GRANDE ENCHENTE. Vídeo 11 de maio de 2024. Neste vídeo força das águas atingiram até o terceiro andar do prédio , na região do Rio das Antas ."
enchente,dataset\enchente\cd48cd83ed215e27c93d16402b217e44.jpg,"Com 100% de ocupação, LATAM transporta quase 5 mil pessoas na primeira semana de operação comercial na Base Aérea de Canoas São Paulo, 4 de junho de 2024 - Primeira aérea a voar comercialmente na Base Aérea de Canoas (RS) em função dos impactos das enchentes no Rio Grande do Sul, a LATAM acaba de concluir a primeira semana da operação contingencial com 100% de ocupação dos seus voos e 4.902 pessoas transportadas de/para a localidade. De maio a junho de 2024, a LATAM opera mais de 400 voos extras na região Sul para manter Porto Alegre e região metropolitana conectados com o restante do Brasil por meio de aeroportos próximos (Base Aérea de Canoas, Caxias do Sul, Florianópolis e Jaguaruna). ORIENTAÇÕES AO PASSAGEIRO EM CANOAS (RS) A LATAM reforça ao passageiro com partida da Base Aérea de Canoas a necessidade de se apresentar para o embarque no ParkShopping Canoas (Av. Farroupilha, 4545) com 3 horas de antecedência do voo, dando sempre preferência para o check-in automático pelo site ou aplicativo da companhia. Os embarques e desembarques nessa localidade são realizados por ônibus de forma remota e o check-in é encerrado 1h30 antes de cada voo. Atenção: não é permitido embarcar ou desembarcar diretamente na Base Aérea de Canoas. A LATAM conta com 24 voos semanais na Base Aérea de Canoas. A companhia opera diariamente o voo Guarulhos-Canoas com saída às 12h (hora local) e chegada às 13h45 (hora local). No sentido inverso, o voo decola de Canoas às 15h15 (hora local) e pousa em Guarulhos às 16h55 (hora local). A outra opção é o voo Congonhas-Canoas, que decola 5 vezes por semana (exceto quarta e sábado) às 6h20 (hora local) e pousa às 8h (hora local). No sentido inverso, sai de Canoas às 9h30 (hora local) e chega em Congonhas às 11h05 (hora local). #latam #portoalegre #baseaerea #viajandocomoluiz"
enchente,dataset\enchente\47c1ed9b78117e4ec1b1654a33f54d5e.jpg,"Denuncia grave aqui em Canoas. S.O.S Rio Grande do Sul. A grande tragédia da enchente. Atenção Brasil, veja aqui a cidade de Canoas,segundo é denunciado neste vídeo o servengoismo, a vigarice  das autoridades petistas da prefeitura de Canoas. Estão pegando os alimentos doados por cidadãos de todo Brasil, e não distribuindo . Mas prefeito, vocês são uma cambada de sem vergonhas !!! As pessoas morrendo de fome e vocês vigaristas da prefeitura fazendo isso. O povo tem que se revoltar contra a prefeitura de Canoas, e não aceitarem isso... é um crime o que esses animais da prefeitura de  estão fazendo...maio de 2024 . Reajam Canoenses contra essa covardia de nossas autoridades !!!"
enchente,dataset\enchente\6f54ec9cc941644a063beeb50dd37e9c.jpg,"#Urgente • São Leopoldo-RS foi afetado durante a madrugada pela enchente, no entanto, em poucas horas a água se encontra na altura dos postes. O vídeo foi gravado na Avenida Henrique Bier."
enchente,dataset\enchente\bac10b705ea32f1a5fe4f9a6cc697e5f.jpg,SOS ENCHENTE— con  Ademir Azambuja  y  12 personas más .
enchente,dataset\enchente\df23e781d97fcc037033bb433d5219f5.jpg,"Políticos, empresários e personalidades debatem os assuntos em destaque no Rio Grande do Sul, no Brasil e no mundo. Apresentação: Paulo Sérgio Pinto"
enchente,dataset\enchente\d77cecb76613733049dd535448dc3e9e.jpg,Vidente famosa previu “grande enchente” no Brasil #SCC10
enchente,dataset\enchente\fe3ad9a6d38e9bc9a171fb329c69ae88.jpg,"Nós da PHD Brasil lamentamos profundamente as consequências devastadoras da enchente no Rio Grande do Sul. Nossos corações estão com todos aqueles que foram afetados por essa tragédia. Juntos, podemos ajudar a reconstruir o que foi perdido.   #Solidariedade #RioGrandeDoSul #phdbrasil #juntospelaponte #rs #sosriograndedosul"
enchente,dataset\enchente\dcae70d5d1a706865f8e7418b20d17aa.jpg,"PORTO ALEGRE CAPITAL DO ESTADO DO RIO GRANDE DO SUL REGIÃO METROPOLITANA VEJA EM FOTOS A NOVA ORLA DO GUAÍBA TOMADA PELA ENCHENTE HISTÓRICA Maior enchente do Guaíba desde maio de 1941 inundou hoje trechos da nova orla entre o Gasômetro e o estádio Beira-Rio A grande enchente do Guaíba causou alagamentos em vários pontos ribeirinhos ao lago da capital nesta quarta-feira (27). Um dos pontos atingidos foi a nova orla do Guaíba, entre o Gasômetro e o Beira-Rio. As águas cobriram trapiches, faixa de caminhada e as quadras polidesportivas. O nível do Guaíba na régua da Secretaria do Ambiente chegou a 3,18 metros, logo 18 centímetros acima da cota de inundação no Cais Mauá, no início da tarde de hoje. Trata-se do maior nível observado do Guaíba no cais desde a grande enchente de 1941 que anotou 4,76 metros no mês de maio daquele ano, superando as marcas históricas de 3,13 metros de setembro de 1967 e 2,97 metros de outubro de 2015. FONTE: METSUL.COM"
enchente,dataset\enchente\16d172bf80e5d21d8b0a44930ef4f93a.jpg,"ESCULTURA EM HOMENAGEM AOS HERÓIS VOLUNTÁRIOS NA ENCHENTE DO RIO GRANDE DO SUL “A escultura “Heróis Voluntários” desembarcou na Capital. A obra homenageia os milhões de brasileiros que ajudaram durante a tragédia das enchentes em maio. Criada pelo artista plástico Ricardo Cardoso, a peça de aço, com 4,6 toneladas, veio de Nonoai, no Norte do Estado, pela Merigo Estruturas Metálicas, e será montada na Usina do Gasômetro.”  @rafapedroso86  #riograndedosul #enchente #gauchos #voluntarios"
enchente,dataset\enchente\615c9e387af3dc8b8efa4660dd6c2a39.jpg,"11/12/2024 - Inauguração da homenagem aos Voluntários que atuaram no Gasômetro, na enchente de maio/24, em POA"
enchente,dataset\enchente\d011ea687f2ee62df0ad387fe330f314.jpg,Que lindo. Só quem viveu esta tragédia sabe o tamanho do nosso sofrimento
enchente,dataset\enchente\f4dc9c24ad101c9b6c24ef741d745782.jpg,"PORTO ALEGRE A OBRA, “HERÓIS VOLUNTÁRIOS ” DE RICARDO CARDOSO, SERÁ INAUGURADA NESTA QUARTA-FEIRA (11/12) PRÓXIMO A USINA DO GASÔMETRO EM HOMENAGEM AOS MUITOS HERÓIS QUE FIZERAM A DIFERENÇA NA TERRÍVEL ENCHENTE DE MAIO!!"
enchente,dataset\enchente\8fdc27b94123569bf6753df1c0cef907.jpg,"Bom dia com muita fraternidade com a imagem da obra Heróis Voluntários, ao lado da Usina do Gasômetro.  A peça foi produzida pelo artista plástico Ricardo Cardoso homenageia todos que atuaram voluntariamente no resgate de moradores locais e de outras cidades, durante a enchente de maio de 2024.   Por conta da nossa gente, nós sempre seremos Porto Alegre, com muito orgulho, com muito amor.   Alex Rocha #AGenteVive #AGenteCuida #PortoAlegre"
enchente,dataset\enchente\2b8dc1706a815d1b4edf8c7c6d20c132.jpg,"Na Usina do Gasômetro, foi entregue a escultura “Heróis Voluntários”, de Ricardo Cardoso, uma homenagem da Federasul e da Associação Comercial de Porto Alegre aos brasileiros que salvaram milhares de vidas na enchente de maio. A obra, feita de aço, tem 6,2m de comprimento e 4,5m de altura.  Ela retrata o barco Fraternidade com 12 pessoas em um ato heroico: 6 erguendo o barco, 6 participando do resgate, além de crianças e animais, simbolizando que ninguém era deixado para trás."
enchente,dataset\enchente\cd73a904fc5aea797eb597f1c9593f94.jpg,"A grande enchente que inundou o Rio Grande do Sul em maio de 1941. Na foto, tem-se o bairro operário de Navegantes, em Porto Alegre, vendo-se a nova Avenida Farrapos, à direita da foto (da Revista do Globo). Fonte:  revista O Echo - Porto Alegre, Ano XXVIII, 1941, ed. 6, página 25. #portoalegre #portoalegrers #riograndeantigo— en  Porto Alegre ."
enchente,dataset\enchente\f4aaf4ed696619de14ddda2fb2ca947e.jpg,"Grande enchente do rio Guaíba em Porto Alegre, Maio de 1941. É difícil de acreditar que já foi possível entrar de barco no edifício dos Correios e Telégrafos (hoje Memorial do Rio Grande do Sul), na Praça da Alfândega, no centro da capital gaúcha. Na comparação com os dias atuais, feita por mim, vemos que o prédio está em perfeito estado de conservação. Note o crescimento da palmeira no canto esquerdo."
enchente,dataset\enchente\550ff1eecbd272446d1636a4752b16e4.jpg,"ENCHENTE | Imagens aéreas mostram a enchente em Valência, na Espanha, após chuva de um ano em horas. As imagens em muito recordam as da Grande Porto Alegre em maio.   Polícia Nacional"
enchente,dataset\enchente\5dac296346f4efb4a0b3dcbbf7103817.jpg,"S.O.S Rio Grande, grande enchente como nunca vista antes . Parece que está rompendo o dique. ATENÇÃO BAIRROS RIO BRANCO, NITERÓI, FATIMA , MATO GRANDE, E MATIAS VELHO E ARREDORES. AS AGUAS DO RIO COMEÇARAM A INVADIR CANOAS. A cidade de Canoas, faz divisa com Porto Alegre, Esteio, Cachoeirinha, e Noca Santa Rita. As água estão invadindo Canoas. Canoense  saiam das áreas de risco !!! 03 de maio de 2024 . Vídeo tragédia no Sul do Brasil ."
enchente,dataset\enchente\a7efc0976a76b473b99a7519d10c48f2.jpg,Enchente maio 2024  Rio grande do Sul  Porto Alegre em fotos
enchente,dataset\enchente\8ff275dbb47c579c3d2a8149127bcf27.jpg,"A grande enchente de Porto Alegre em 1941. A enchente somou 791 milímetros de precipitação na capital, as águas chegaram a 4,76 metros de altura, desabrigando cerca de 70 mil habitantes, um quarto dos 272 mil habitantes de Porto Alegre na época (Censo realizado em 1940). O único meio de transporte da população eram os barcos. Muitas empresas demoraram meses para reabrirem. Foram 22 dias de chuva intensa entre abril e maio daquele ano. Há uma placa na parede do Mercado Público que indica a até onde as águas subiram durante a enchente (foto nos comentários)."
enchente,dataset\enchente\3826c9105e2d54099e60c79967527390.jpg,"A Nova Morada do Gravador Pub Depois de ser fortemente impactado pela enchente, o Gravador Pub vai mudar de endereço. As chuvas devastadoras de maio atingiram em cheio o Distrito Criativo da nossa cidade, destruindo sonhos, palcos e histórias de milhares de pessoas. O Gravador Pub é um pedaço desta história, sendo receptáculo de lembranças e memórias dos artistas, clientes e amigos que frequentavam esse espaço cultural.  Cada quadro, instrumento, objeto e detalhe  era parte de um grande todo, que traduzia um pouco de cada um que direta ou indiretamente fez parte dessa jornada. Estamos trabalhando dia e noite para recuperar essas lembranças e trazê-las para nossa nova casa, que será ainda maior e acolherá  novas  propostas, para continuar sendo um lar para  todos que amam e valorizam este espaço, recebendo a todos com muito carinho e agradecimento. Vai dar muito trabalho remontar a casa. E precisaremos da força de todos. Mas vai valer muito a pena e vai ficar lindo!"
enchente,dataset\enchente\904ea92e9091dc764b4cab98d055d9e7.jpg,"Denúncia: Fieis apontam irregularidades em doações arrecadadas durante a enchente  Seguidores do Porto Alegre 24 Horas enviaram uma denúncia preocupante relacionada a uma igreja evangélica, na Avenida Bento Gonçalves, em Porto Alegre, que serviu como posto de coleta e distribuição de doações para apoiar as vítimas das enchentes de maio. Segundo relatos, há uma grande quantidade de itens doados, como alimentos não perecíveis, roupas, calçados, fórmulas, fraldas e água, armazenados para serem distribuídos às pessoas necessitadas, mas que não estariam sendo doados por ordens do pastor responsável. Ainda conforme as informações, alguns fiéis da igreja expressaram insatisfação, mencionando que ainda há muitas pessoas precisando de ajuda. Esses relatos indicam que muitos itens estariam em risco de estrago enquanto famílias ainda enfrentam dificuldades. Segundo os denunciantes, uma denúncia formal já foi feita à delegacia, e aguardamos o retorno das autoridades sobre o caso."
enchente,dataset\enchente\bbba1bf33da15432fc5a63de14a49f78.jpg,"[  aviso de gatilho: esse conteúdo pode provocar crises de ansiedade por despertar memórias relacionadas a eventos traumáticos.  ] o mês de maio foi longo e difícil aqui no Rio Grande do Sul. As chuvas intensas causaram enchentes que afetaram muitas cidades.  no dia 6, enquanto cozinhava, eu recebi a notícia de que a água havia chegado à minha rua. A prefeitura já alertava para a necessidade de evacuação na Cidade Baixa.  o meu bairro foi afetado devido a problemas elétricos nas bombas que retiram a água das ruas. Vi vizinhos carregando malas, mochilas e gaiolas com animais de estimação, tentando sair de suas casas de alguma maneira. O trânsito estava caótico.  do segundo andar do nosso apartamento, Beto e eu observávamos a agitação. Uma vizinha perguntou se íamos mesmo ficar. Quando dissemos que sim, ela parecia espantada com a nossa resposta.  ela tinha razão, a situação piorou rapidamente. À noite, a energia elétrica acabou e o reservatório do edifício ficou sem água. Durante dez dias, acompanhamos o avanço da enchente. Os serviços básicos, como Internet e telefonia, também ficaram indisponíveis.  íamos diariamente até um shopping em uma área mais alta para carregar os celulares e buscar informações. Comprávamos alimentos, velas e lenços umedecidos, já que os banhos se tornaram raros.  as noites eram longas e silenciosas. O bairro, antes cheio de vida, agora estava vazio e perigoso. Acordei uma noite e ouvi alguém relatando à polícia sobre assaltantes na esquina buscando oportunidades. o medo e a incerteza dominavam os meus pensamentos. Amigos e familiares acompanharam as notícias e entraram em contato para saber como estávamos. Contar o que estava acontecendo me ajudava a organizar meus sentimentos. (Eu agradeço o carinho de todos.)  ainda hoje, muita coisa está em suspenso. A rodoviária e o aeroporto ainda estão fora de operação. A catástrofe climática, combinada com falhas e despreparo dos governos, resultou em prejuízos materiais e perda de vidas.  lamento por isso, e apesar de estar seguro em minha casa e também trabalhando, tenho mais perguntas do que respostas sobre o que está acontecendo. Muito triste a situação. #enchentesrs"
enchente,dataset\enchente\56ba52cd12d0f2df88e07348710d53a3.jpg,"Uma coincidência foram as datas da enchente de 1941 há exatos 83 anos, contam os livros e jornais da época  que o pico foi registrado no dia 8 de maio, com grande impac… Ver más"
enchente,dataset\enchente\47bfe5d892fda18f7b90eaec64351ceb.jpg,"Quando a arte conta a história, momento triste com grande bravura dos heróis na enchente, a escultura lembra os momentos dramáticos que vivemos em maio, na esperança de resgates de crianças, idosos, animais e pessoas ilhadas, os voluntários eram civis anônimos de todos os cantos, instituições, ongs, e todos que colocaram as vidas em risco para salvar outras vidas, na maior tragédia do RS. Bela homenagem"
enchente,dataset\enchente\62904bd426faca71c869d03a2e69b791.jpg,"Hoje é um dia especial para os gaúchos! Na Usina do Gasômetro, foi entregue a escultura “Heróis Voluntários”, de Ricardo Cardoso, uma homenagem da Federasul e da A… Ver más"
enchente,dataset\enchente\93439318606e0afc8e8d8068a4710885.jpg,"Cenas do Centro Histórico de Porto Alegre em 19 de maio de 2024. Guaíba em 4m40cm no Cais Mauá, no 18° dia acima da cota de enchente, que é de 3m.  Água baixou quase um metro do pico da enchente. Em muitas ruas, sem água agora, as marcas da cheia. #portoalegre #enchente"
enchente,dataset\enchente\80c545800fc96eb038177598beb8368e.jpg,"Maio de 1941, quando as ruas viraram afluentes do Guaíba... Hoje, a história se repete."
enchente,dataset\enchente\45e09bdd14287a7b14c51f21217041df.jpg,Maio 1941 - Enchente em Porto Alegre  - Foto Guilherme Gaelzer-Netto  - Am. Inst. Berlin -
enchente,dataset\enchente\3a7f15e75a6038c175feaf631ed4bf78.jpg,Então.  As ruas de um Porto NÃO MUITO Alegre
enchente,dataset\enchente\6246913fd58fd6affe74d79cd8d0c10f.jpg,"Informação GZH, pedido do prefeito Melo. O que dizer? Taxistas, Motoristas de ônibus (cobradores, ele está extinguindo), professores, advogados, jornalistas, floristas, pessoal da saúde, garis, população de Porto Alegre, certeza que Alegre não é mais. Retardem seus compromissos. Quem tem que bater ponto, cuidar da saúde e transportar o povo que resiste em morar aqui, entre tantos. Não se arrisquem a sair de casa. Toda chuva é essa angústia e a mesma falácia.  Não se mora mais na capital gaúcha. Nós somos reféns de uma falta de estrutura. Sem Luz, Sem água, sem capina e sem muitas das coisas que crescemos acreditando fazer parte do que se caracteriza como conceitos de dignidade e de cidadania. Cultura, Educação, Saúde, Água, Luz, esgoto, contenção de enchente, muito básico e se paga imposto prá isso. Peço prá oposição (na França apesar de muitas críticas se fez isso).  Se unam todos, independentes de distribuição de cargos (ahh tem isso sim) e rusgas de belezas.  Nunca mais deixem a população refém de uma administração que governa com uma cartilha que nos impede de sair e de voltar prá casa (quem ainda tem casa em POA). Ou ter a vergonha de ouvir em rede nacional, - acho que era melhor vocês irem para praia nesse momento (ao vivo no JN da Globo  com apresentação de Willian Bonner em maio de 2024 durante a calamidade da enchente).  Ir para praia à nado? Porto Alegre ficou sem rota de saída. Tá de brincadeira?  Estadual (tem eleições em 2026), Federal(tem eleições em 2026) e municipal (daqui a 4 anos).  Não rifem candidaturas!!! A população não merece isso!!!"
enchente,dataset\enchente\10dd3cf81d0efdf8958c683f5edb90ca.jpg,"Porto Alegre vive um colapso nunca visto.   Na tarde desta segunda (7), a enchente avançou para o Bairro Menino Deus e Cidade Baixa, local boêmio da cidade. Ambos bairros centrais com muitos prédios de moradia.   O Prefeito de Porto Alegre, Sebastião Melo, em comunicados confusos que necessitaram de retratação, indicou uma evacuação imediata das duas localidades.  Com a água tomando as ruas, resgates começaram a acontecer enquanto o trânsito se tornou um caos. Com pessoas tentando fugir, com malas e pets, enquanto socorristas tentavam chegar. Buzina e sirenes para todo lado. Congestionamentos.  São milhares de pessoas deslocadas de suas casas de forma emergencial nos últimos dias.  No amanhecer de hoje, a água segue avançando nos dois bairros e diversas pessoas acompanham das suas janelas a enchente chegar na porta do seu prédio.  A água pode não invadir o seu andar, mas moradores ainda não estão se dando conta que em breve precisarão de socorro. A região está sem abastecimento de água e de luz, assim como diversos outras regiões da cidade. As previsões variam de quando a enchente retrocederá. Não há previsão sobre quando os serviços serão restabelecidos.   Alass Derivas | @derivajornalismo  11h13 7 de maio de 2024  Porto Alegre"
enchente,dataset\enchente\c056f7958ddab2e46c76e66c3adfe2e7.jpg,"""Arquitetos acusam prefeitura de descaso, e MP abre inquérito para saber por que município de Porto Alegre não agiu para recuperar material. Ao órgão, executivo disse que perda é de 40%, mas site do Escritório de Licenciamento fala em “perda total”  Importante parte da memória urbanística de Porto Alegre foi considerada condenada pela prefeitura. Trata-se de milhares de pastas e documentos físicos que compõem o arquivo do Escritório de Licenciamento e que ainda estão armazenados no prédio da antiga Secretaria Municipal de Obras e Viação (Smov), no bairro Praia de Belas. O térreo do edifício foi inundado durante a enchente de maio de 2024, comprometendo parte do acervo de construções de Porto Alegre que datam desde 1970. Pelo menos desde fevereiro, o site do Escritório de Licenciamento informa que o arquivo físico com 50 anos de documentos foi dado como perdido: “Informamos que, por motivo de força maior, em decorrência dos alagamentos provocados pelas chuvas, em maio de 2024, as instalações do Arquivo foram gravemente atingidas, provocando danos irreversíveis na estrutura do prédio e a perda total do acervo físico”. A partir de uma denúncia, o Ministério Público pediu explicações à prefeitura em quatro oportunidades no ano passado. Foi ignorado. A promotora Annelise Steigleder, então, abriu o inquérito para investigar o caso em dezembro. No primeiro retorno do município após a abertura do inquérito, foi informado que, após uma vistoria no prédio da Smov, cerca de 40% do acervo havia sido inutilizado pelas águas. A resposta é diferente à que a prefeitura passa aos profissionais que requerem acesso aos expedientes únicos. A eles, a comunicação dá conta que todo o arquivo não digitalizado foi perdido."" https://www.matinaljornalismo.com.br/.../gestao-melo.../"
enchente,dataset\enchente\7897d0648dac51f01f1f5efe24e8a564.jpg,"Trágicas lluvias en Brasil, una ciudad quedó sitiada por la inundación tras el desborde de un río Porto Alegre, capital del estado Río Grande del Sur, en Brasil ha sido inundada en debido a las lluvias. Las inundaciones en Río Grande do Sul cubrieron el casco histórico de Porto Alegre, tras el desbordamiento del Río Guaíba, el cuál crece ocho centímetros por hora; y este fin de semana, podría alcanzar un nivel nunca antes visto en la ciudad donde nació el ídolo eterno: Ronaldinho Gaucho. Esta tragedia, se produjo luego del crecimiento del río Guaíba tras las incesantes lluvias que provocaron que una de las ''Casas bombas'' de la ciudad, se dañara durante la mañana del día jueves 2 de mayo y la madrugada del viernes 3 de dicho mes, generando una gran inundación en las calles del centro de Río Grande do Sul y la perdida de 111 personas. El daño a las ''casas bombas'' que fueron construidas para la protección y control de los desbordamientos y aguas en Porto Alegre, ha deparado una tragedia. La Avenida Mauá y gran parte de la ciudad capital de Porto Alegre, fue inundada. Es por éso, que jugadores como Hulk Paraíba @hulkparaiba y Ronaldinho; han pedido ayuda a las organizaciones internacionales, para re-ubicar a los damnificados. Trabajo periodístico: Edwin Hevia @Edwinhevia Para Lara Creativa  Lara_Creativa Video: Chico Santana #PortoAlegre #RioGrandedoSul #Río #RíoGrandedelSur Chuvas trágicas no Brasil, uma cidade foi assediada por enchentes após um rio transbordar Porto Alegre, capital do estado do Rio Grande do Sul, no Brasil, foi inundada devido às chuvas. Enchentes no Rio Grande do Sul, no Brasil, cobriram o centro histórico de Porto Alegre após o transbordamento do rio Guaíba, que sobe oito centímetros por hora; e neste final de semana poderá atingir um patamar nunca visto na cidade onde nasceu o eterno ídolo: Ronaldinho Gaúcho. A tragédia ocorreu após a subida do rio Guaíba após as chuvas incessantes que causaram danos a uma das ''Casas de Bombas'' da cidade na manhã de quinta-feira, 2 de maio, e madrugada de sexta-feira, 3 de maio, gerando um grande enchente nas ruas do centro do Rio Grande do Sul e perda de 111 pessoas. #forcaportoalegre"
enchente,dataset\enchente\b98264e5d58f379b5a31f90aa6cdb1c8.jpg,"Moradores têm procurado regiões da cidade que não foram alagadas. Busca por aluguel de imóveis aumentou mais de 60% após a enchente. Mais de 39,4 mil edificações foram afetadas."
enchente,dataset\enchente\4d044d563765cef0d14d60ba566eedef.jpg,"PORTO ALEGRE, UMA ZONA DE GUERRA  A MetSul Meteorologia conta a história do dia 4 de maio de 2024 em Porto Alegre com depoimentos e imagens do que testemunhou nas ruas  Por: Metsul Meteorologia  Fogo e fumaça em meio às inundações após explosão em posto de combustível na Avenida Cairu que deixou duas pessoas feridas durante os resgates no Quarto Distrito | CARLOS FABAL/AFP/METSUL METEOROLOGIA  Não havia bombas ou mísseis atingindo as cidades, mas o que se testemunhou neste sábado em Porto Alegre e outras cidades da região metropolitana lembrou cenas de uma zona de guerra, no que muito possivelmente tenha sido o dia mais dramático já vivido pela Grande Porto Alegre. O Guaíba não parou de subir ao longo do dia e pela primeira vez na história ultrapassou a marca de 5 metros. No começo da noite de sábado, de acordo com informações da Defesa Civil do Rio Grande do Sul, o nível era de 5,27 metros.  Praticamente todas as cidades da Grande Porto Alegre estavam convulsionadas com inundações catastróficas, moradores apelando por resgates nos telhados de suas casas, pessoas buscando refúgio em viadutos e outros locais elevados, um ritmo frenético de embarcações realizando resgates e os voos constantes de helicópteros cruzando o céu da capital gaúcha.  Nas ruas e avenidas da cidade, o tráfego de veículos de emergência era constante. A todos momento podiam ser vistas viaturas da EPTC, Brigada Militar, Guarda Municipal e Corpo de Bombeiros. Somavam-se aos esforços integrantes da Polícia Civil e até da Polícia Federal, além de militares do Exército, Marinha e Aeronáutica.  A população está em choque com a magnitude da catástrofe que prossegue e tende a continuar por dias. Por onde se anda, o assunto são as enchentes.  À medida que cresce o tamanho do desastre, cresce a corrente de solidariedade com centenas de iniciativas da sociedade para acolher desabrigados e oferecer ajuda. Clubes sociais e igrejas abriram suas portas para acolher os desabrigados.  Em Porto Alegre, as águas tomaram as partes baixas do Centro Histórico. Ruas, onde em um sábado normal haveria carros e um formigueiro humano de pessoas nas lojas e no Mercado Público, hoje estavam desertas com água por todos os lados.  Repetindo as cenas de 1941, barcos eram vistos navegando na Avenida Borges de Medeiros entre o Paço Municipal e o Mercado. Barcos em plena Avenida Borges de Medeiros | FERNANDO OLIVEIRA  Porto Alegre está cercada pelas águas. A única forma de entrar e sair da cidade é pela zona Leste, na RS-040, que leva ao Litoral Norte. Todos os demais pontos que ligam a cidade ao restante do estado, Brasil e países vizinhos, como a BR-290 e BR-116, estavam fechados devido à enchente. Nem pelo ar é possível chegar ou sair de Porto Alegre pela aviação comercial.  Com as atividades suspensas por tempo indeterminado desde a sexta-feira, o agravamento da enchente acabou por inundar grande parte do perímetro do Aeroporto Internacional Salgado Filho, Imagens aéreas mostravam as águas do Guaíba cobrindo a pista e os gramados ao redor.  Acesso ao Aeroporto completamente alagado | JONATHAS COSTA/CORREIO DO POVO  Inundação do Guaíba atingiu a pista do Aeroporto de Porto Alegre | REPRODUÇÃO  Pátio do Aeroporto Salgado Filho não escapou da enchente | JONATHAS COSTA/CORREIO DO POVO  Com o aumento do nível do Guaíba, o número de áreas inundadas aumentou durante o sábado. Onde o Guaíba já havia chegado na sexta, a inundação tomou proporção ainda maior. Bairros do Sul da capital, Menino Deus, Praia de Belas, Centro Histórico, Quarto Distrito e Sarandi estavam com muitos pontos alados e vários com setores de inundação severa em que era possível transitar apenas usando embarcações.  Guaíba inunda a Avenida São Pedro | ALEXANDRE AGUIAR/METSUL METEOROLOGIA  Avenida Ceará ficou tomada pelo Guaíba da entrada da cidade até a Avenida São Pedro com altura de um metro de água em alguns trechos | GIULAN SERAFIM/PMPA  Júlio de Castilhos inundada pelo Guaíba no Centro | JULIO FERREIRA/PMPA  Áreas entre a Voluntários da Pátria e Júlio de Castilhos passaram a ser ocupadas por barcos em meio à grande enchente do Guaíba | JULIO FERREIRA/PMPA  Guaíba na Avenida Farrapos | CARLOS FABAL/AFP/METSUL METEOROLOGIA  Guaíba tomou o bairro Navegantes | CARLOS FABAL/AFP/METSUL METEOROLOGIA  Gramado da Arena do Grêmio inundado com o Guaíba | REPRODUÇÃO  Souza Reis, que leva ao aeroporto, tomada pelo Guaíba | RICHARD DUCKER  Em diferentes pontos, as cenas pelas ruas da cidade. Bairro inteiros tiveram que ser evacuados com os moradores percorrer as águas por longas distâncias. No Humaitá, o relato dos moradores é que, em determinados pontos da zona Norte, a água do Guaíba chega a atingir a altura do peito de um adulto. Imagens aéreas mostram shopping Praia de Belas ilhado. O colapso da capital levou à evacuação de parte do Hospital Mãe de Deus, cercado pelas águas no bairro Menino Deus. Veículos do Exército resgaram pacientes e funcionários do hospital. Os apelos se sucediam sobre a população somente buscar atendimento em casos de gravidade, uma vez que os serviços de saúde estavam sobrecarregados com feridos e pessoas sofrendo de hipotermia depois de serem resgatadas. Transporte de oxigênio via helicóptero foi feito para os hospitais Vila Nova e Restinga, no Sul. São Lucas e Criança Conceição também demandaram o insumo.  RITMO FRENÉTICO DE RESGATES  Em vários bairros de Porto Alegre, o sábado foi marcado por um ritmo frenético de resgates. A MetSul Meteorologia estava nas ruas para registrar os esforços para salvar vidas e testemunhou na zona Norte momentos dramáticos de famílias inteiras deixando suas casas com água até a cintura e sendo resgatadas com botes, jipes e barcos. Moradores resgatados na Avenida Cairu. Embora a presença de um grande contingente de forças públicas, especialmente de bombeiros e da Brigada Militar, a maioria dos resgates era conduzido por voluntários. Grande número de jipeiros a todo momento iam e voltavam pelas avenidas Cairu e Brasil, trazendo moradores.  No mesmo local, no viaduto José Eduardo Utzig, pessoas não paravam de chegar pela Rua Pereira Franco, completamente inundada. A pé, com meio metro de água, ou com ajuda de barcos, a todo momento famílias inteiras alcançavam o viaduto carregando uma mochila nas costas ou uma mala sobre as cabeças. Moradores da zona Norte caminharam quilômetros em busca de segurança do avanço das águas. Eram moradores de vários bairros da zona Norte que foram tomados pelo Guaíba, como Navegantes, Humaitá, Vila Farrapos e São João que caminharam quilômetros nas águas sujas da enchente até alcançar terra firme. O viaduto de acesso à Terceira Perimetral se transformou em um abrigo a céu aberto. Famílias improvisaram tendas para permanecer em terreno alto. Havia muitas crianças e animais domésticos, trazidos pelos moradores da zona Norte que tiveram de deixar as suas casas.  EXPLOSÃO E FOGO EM MEIO AOS RESGATES  Os resgates ocorriam na Avenida Cairu quando de repente houve uma explosão seguida de incêndio em um posto de combustíveis. Estávamos a poucas dezenas de metros do posto, na Avenida Brasil, filmando e transmitindo pelas nossas redes sociais da MetSul os resgates, quando se ouviu um estouro e uma grande quantidade de fumaça preta começou a se levantar no céu. Os momentos que se seguiram foram de caos e pânico.  Os resgates que ocorriam na Avenida Cairu com aparelhos de jet ski, veículos anfíbios e jipes tiveram que ser interrompidos. Aos gritos, policiais e bombeiros apelavam para os curiosos se afastassem ante o risco de novas explosões. Em um momento dramático, dois homens que estavam no posto foram resgatados com queimaduras pelo corpo. Dois homens feridos no incêndio e com queimaduras pelo corpo são resgatados por policias e voluntários que minutos antes resgatavam as vítimas da enchente. De acordo com o Corpo de Bombeiros, a explosão teria ocorrido em um gerador de energia. O posto estava inundado. Os feridos foram levados para o Hospital de Pronto Socorro e Hospital Cristo Redentor e estavam em estado grave. Conceição relata que a vítima do incêndio levada para o Cristo Redentor está internada na Unidade de terapia intensiva (UTI).  ÁGUAS VENCEM DIQUE NA ZONA NORTE  O Dique do Sarandi, que rompeu em 2013, é um dos pontos mais críticos da cidade. A população das comunidades da Asa Branca, Minuano, Vila Elizabeth e Nova Brasília foram orientadas a deixar suas casas. Apesar do esforço de contenção, a água começou a extravasar sobre o dique, o que fez com que as águas invadissem a Avenida Assis Brasil e agravasse ainda mais a inundação na zona Norte da capital. Moradores atingidos pela enchente na zona Norte de Porto Alegre, na área do Sarandi, estão sendo resgatados com apoio do Exército e do Corpo de Bombeiros.  SEM LUZ E SEM ÁGUA  Vários bairros de Porto Alegre estão sem energia elétrica porque a luz foi cortada por razões de segurança em consequência das inundações. Além disso, grande parte da capital enfrenta falta de água. A prefeitura apelou à população que racione água. Com a elevação no nível do Guaíba a mais de cinco metros, quatro das seis estações de tratamento do Departamento Municipal de Água e Esgotos (Dmae) estão inoperantes.  ABRIGOS EM VÁRIOS PONTOS E SEGURANÇA CONTRA SAQUES  A Prefeitura de Porto Alegre, com auxílio de parceiros, trabalha para abrir novas vagas em abrigos provisórios e atender as pessoas atingidas pela enchente. O número de locais em operação passou de oito, pela manhã, para quinze, no início da noite deste sábado, 4.  A Secretaria Municipal de Segurança disponibilizou barcos à Guarda Municipal para que a corporação retomasse os patrulhamentos preventivos no Centro Histórico. O objetivo é evitar furtos e roubos, em especial aos estabelecimentos comerciais fechados pelo alagamento. A mobilização visa, também, a proteção dos prédios públicos localizados no bairro. As rondas da Guarda Municipal acontecem de forma integrada com as demais forças de segurança, como Brigada Militar e Polícia Civil. Os agentes da corporação atuam, ainda, no resgate aos moradores da área.  #riograndenoticiasatuais  #elderfilhocosta  #news  #jornalismo  #Noticias  #jornal  #chuvas #RS"
enchente,dataset\enchente\e27d87f270554f56c109cede78ca83b9.jpg,"ENCHENTE DE 1941  A enchente de 1941 em Porto Alegre foi a maior enchente já registrada na cidade de Porto Alegre. Durante 22 dias, nos meses de abril e maio de 1941, as águas do Guaíba alcançaram uma cota de 4,76 metro. O centro da cidade ficou praticamente debaixo d'água e os barcos se tornaram os principais meios de transporte. As águas atingiram pontos da cidade como o Mercado Público, a Prefeitura Municipal, Rua da Praia entre outros pontos e ruas, ainda sem uma pavimentação segura foi construído na época os atuais muros da Mauá, uma maneira estratégica encontrada para impedir novas enchentes, realmente foi um momento que ficou marcado na nossa capital.  Arquivos"
enchente,dataset\enchente\8fcf0c22d94383ce6d533893067aa5a0.jpg,"porto alegre, maio de 2024. há mais de vinte dias o bar do largo da @chosenbeer está com suas portas fechadas. e assim permanecerá por tempo indeterminado. a água tomou as ruas e nos inundaram com angústia e tristeza.  fomos severamente atingidos pela enchente.  ao adentrar no largo pela primeira vez, uma enxurrada de emoções. passa um filme na cabeça. as perdas e estragos seguem imensuráveis, e é impossível transmitir em palavras ou imagens. ver um sonho e muito trabalho de longos anos submersos em uma água podre não foi fácil, por mais que a gente tenha tentado se preparar pra esse momento. toda nossa solidariedade àqueles que foram devastados pela enchente. vamos virar esse jogo. quem nos conhece sabe, nunca medimos esforços pra tornar esse sonho possível e levar alegria pra vida de quem nos rodeia. e que privilégio o nosso sentir que não estamos sozinhos nessa luta. nunca estivemos. é sobre pessoas. e sempre vai ser. se inicia uma nova etapa. faremos tudo que estiver ao nosso alcance pra voltar a sambar e devolver um pouco de alegria para o bairro São Geraldo. não iremos nos entregar, mesmo o caminho sendo longo e doloroso.  o sol há de brilhar mais um vez"
enchente,dataset\enchente\167f675561573b2cd60d4523637bfb6c.jpg,"A MAIOR TRAGÉDIA CLIMÁTICA DO RS"" ENCHENTE ATINGE A RODOVIÁRIA E CENTRO HISTÓRICO DE PORTO ALEGRE ""UMA TRISTEZA SEM PRECEDENTES"" O Centro de Porto Alegre enfrenta uma ameaça iminente à medida que várias ruas começam a inundar devido ao aumento do nível do Guaíba. Comerciantes estão tomando medidas de precaução, como colocar sacos de areia, enquanto a Prefeitura orienta os residentes a deixarem a região. Este evento marca a primeira vez em décadas que o Centro Histórico enfrenta uma inundação tão grave. A última vez que a cidade enfrentou um evento dessa magnitude foi em maio de 1941, antes da implementação do sistema de contenção de cheias na década de 70.  Este sistema, composto por diques estratégicos ao longo do Beira-Rio, Muro da Mauá, Castelo Branco e Freeway do DC até a Fiergs, tem sido crucial para conter o avanço das águas do Guaíba sobre a cidade. No entanto, apesar dos esforços de engenharia, o Centro Histórico está sofrendo os impactos do aumento do nível do rio. Embora o muro da Mauá ainda resista, as águas estão refluindo pela rede pluvial e vazando pelas laterais das comportas do muro. A situação é preocupante, especialmente porque não há medições disponíveis dos níveis de água por parte dos governos estadual e federal. Estima-se que o Guaíba já tenha ultrapassado os 4,50 metros e esteja se aproximando da cota recorde de 4,76 metros.  Diante desse cenário, a Prefeitura solicita que os cidadãos deixem as áreas baixas do Centro e tomem todas as precauções necessárias para garantir a segurança de suas famílias. A inundação das ilhas é catastrófica com água com altura de até um a dois metros em diversos pontos. Espera-se ainda inundação severa no bairro Ipanema e outras áreas que não têm proteção de diques nas margens. Mais ao Sul da cidade, muitas áreas devem ter muito graves inundações, como no Lami e Guarujá. TRISTEZA I Centro da capital invadida pelas águas do Guaíba! Exército nas ruas de Porto Alegre, Mercado Público e prédios sendo evacuados e barricadas nas portas. Cenas de agora às (14h 3/5) no Centro Histórico de Porto Alegre. A qualquer momento mais informações! Reportagem/JFV (Desde 1976)  Divulgação  jornalfolhadovalemetorpolitano@gmail.com  Credibilidade é a nossa maior informação!"
enchente,dataset\enchente\a9d80ea75f706cca7775ff292f790338.jpg,"Canoas não tem prefeito , olha as ruas das vilas que foram atingidas pela enchente em maio estão tudo alagadas por falta de limpeza nas boca de lobo  até quando vamos aceitar isso  um prefeito que como vereador não fez nada e agora como prefeito está só assistindo da janela cem fazer nada ."
enchente,dataset\enchente\bc7644409b5e281724248e5f7f96612b.jpg,"""Porto Alegre é demais""....cidade de papel."
enchente,dataset\enchente\cb8fa1e12b59d5c986c309eca3fad2b7.jpg,"PORTO ALEGRE ALAGOU DE NOVO Está circulando nas redes sociais um vídeo mostrando que várias ruas e avenidas de Porto Alegre ficaram alagadas com a chuva que caiu nesta quinta (26).  Na campanha, o prefeito Sebastião Melo (MDB) prometeu combater os alagamentos, mas a capital gaúcha segue desprotegida. … Ver más"
enchente,dataset\enchente\bd32ba03864785ac47adc48d07dc6340.jpg,FORÇA-TAREFA: JÁ SÃO MAIS DE MIL GARIS ATUANDO NAS RUAS DE PORTO ALEGRE!  … Ver más
enchente,dataset\enchente\28f57815c5cc692f2b2c6def43b679b8.jpg,"Dia 02 de junho foi um domingo de bençãos! A Guerreiros dos Girassóis recebeu através do Barone e sua equipe, muitas doações que vieram de vários locais, principalmente de SP e MG. Foi uma carreta lotada com 25 t de alimentos, material de higiene feminina, infantil, produtos de limpeza e centenas de outros itens importantes para o apoio às famílias atingidas pela enchente. Gratidão a todos os doadores das diversas cidades. Parte das doações recebidas já foram direto para as ruas no mesmo dia e na sequência  estão chegando através de voluntários, à várias partes de Porto Alegre (zona sul, Vila Santa Terezinha, Vila Farrapos, Vila Navegantes, Humaitá, Sarandi), também nas cidades de Viamão (para os abrigados),  Canoas, São Leopoldo, Eldorado do Sul, Guaíba e para as ilhas. Esse movimento de tantas pessoas doadoras, veio trazer esperança aos necessitados! Gratidão aos apoiadores e aos voluntários que transportam e entregam aos que precisam."
enchente,dataset\enchente\1ae7e15a17b19ed10881d4a42a762ad4.jpg,"#SofrimentoAbsurdo | PRECISAMOS DE AGILIDADE NA LIMPEZA DAS RUAS ATINGIDAS PELA ENCHENTE!  Hoje é quarta-feira, 5 de junho, e depois de percorrer as regiões onde água já baixou, venho manifestar minha indignação com a demora no recolhimento dos móveis destruídos pela enchente. O atraso na limpeza além de causar um grande risco à saúde, é um sofrimento absurdo pra quem tem que rever tudo o que perdeu o tempo todo. Como vereador, venho cobrando da prefeitura desde o início de maio uma melhor gestão dessa crise, pois faltou estrutura para retirada das famílias da água e organização no cadastramento das pessoas para receber os auxílios. Faltou transparência nas doações e agora falta máquinas e operários para limpeza das ruas. A prefeitura tem que atuar com mais energia e dedicação nesse momento, sem feriado prolongado, sem final de semana, em regime de mutirão e não de plantão. Tudo pra garantir que as pessoas voltem para suas casas o mais rápido possível e tenham o suporte público em tempo hábil, porque é isso que as pessoas esperam de um governo sério."
enchente,dataset\enchente\ae516c9a9f98145fe54d8897fdb426b9.jpg,"Aposentado de 72 anos conta que esta é terceira vez que tem a casa atingida por uma enchente desde junho do ano passado. Cidade tem 243 pessoas desabrigadas. O município tem dois arroios, o Esteio e Sapucaia, que transbordaram. Pelo menos 28 ruas estão alagadas"
enchente,dataset\enchente\753f851aebb59ac7d5901cdb2c1e1468.jpg,"PARALISAÇÃO | Em Cachoeirinha, funcionários de terceirizada paralisam coleta de lixo, varrição e capina das ruas  Na manhã desta terça-feira (9), funcionários da empresa FG Soluções Ambientais, responsável pela coleta de lixo e limpeza urbana em Cachoeirinha, interromperam suas atividades em protesto.  A paralisação, que inclui também o trabalho de varrição e capina das ruas, foi organizada devido ao atraso no pagamento dos salários do último mês, afetando cerca de 150 colaboradores. Os vencimentos deveriam ter sido quitados até a última sexta-feira (5). A Prefeitura de Cachoeirinha assegura que os serviços essenciais não foram afetados pela paralisação. De acordo com o Executivo municipal, os pagamentos à empresa estão dentro do prazo regulamentar de 30 dias e o repasse para quitação dos salários atrasados será realizado ainda nesta terça-feira.  Além de atuar em Cachoeirinha, a FG Soluções Ambientais foi contratada emergencialmente em junho para auxiliar na coleta do lixo remanescente da enchente em Porto Alegre.  #AmoCachoeirinha #PrefeituradeCachoeirinha #Cachoeirinha #Greve"
enchente,dataset\enchente\3df81d1ca253acf22c79d38392b011c4.jpg,"Há alguns meses demos início a um mutirão de limpeza nas casas que foram afetadas pela enchente, e começando pelas casas de irmãos, alcançamos diversas famílias, em especial no bairro Sarandi. As necessidades são muitas e o serviço continua acontecendo, por isso queremos te convidar a estar com a gente no próximo fim de semana, nos dias 29 e 30 de junho (sábado e domingo).  Sábado nos encontramos na Rua Vieira da Silva, 223 - a partir das 8h, para nos dividirmos em duas equipes, uma para a limpeza das casas e outra para a organização do salão onde, no domingo, teremos a ação evangelística.  Domingo nos encontramos na Rua Toledo Piza, 236 - a partir das 9h, para também nos dividirmos em duas equipes, uma para ficar no salão, ajudando com o brechó solidário, distribuindo roupas e alimento às famílias do bairro; enquanto a outra equipe sai para evangelizar nas ruas e convidar os moradores do Sarandi para o encontro às 16h. Contamos com você!"
enchente,dataset\enchente\628008ab218a825e1b9558fd3dda2eda.jpg,"Neste 5 de junho, Dia Mundial do Meio Ambiente, comemoramos a retirada de quase 35 mil toneladas de resíduos pós-enchente das ruas da Capital!   Além de informar por onde a nossa força-tarefa passará hoje nos cards, lembramos que os cuidados com os recursos naturais para o desenvolvimento sustentável devem ser diários e são responsabilidade de todos nós.  #AGenteVive #AGenteCuida #LimpezaUrbana"
enchente,dataset\enchente\db4f7464cf7a53b0398acec9aaa6a090.jpg,"Cenas do Centro Histórico de Porto Alegre em 19 de maio de 2024. Guaíba em 4m40cm no Cais Mauá, no 18° dia acima da cota de enchente, que é de 3m.  Água baixou quase um metro do pico da enchente. Em muitas ruas, sem água agora, as marcas da cheia. #portoalegre #enchente"
enchente,dataset\enchente\cb133f9461cc997b6f44b26c9c999df2.jpg,"Maio de 1941, quando as ruas viraram afluentes do Guaíba... Hoje, a história se repete."
enchente,dataset\enchente\4034c01da8b1686623c8c570527ce429.jpg,Maio 1941 - Enchente em Porto Alegre  - Foto Guilherme Gaelzer-Netto  - Am. Inst. Berlin -
enchente,dataset\enchente\c624c4784fd1dd8e7c42a6a3f3201b93.jpg,"Mais de 10 unidades de saúde seguem fechadas em Porto Alegre, desde a enchente de maio do ano passado. Nesta semana a prefeitura assinou a ordem de início de reforma de 5 destes locais."
enchente,dataset\enchente\fa99631d78f3b4736eb1e72a1e2de35e.jpg,"Moradores têm procurado regiões da cidade que não foram alagadas. Busca por aluguel de imóveis aumentou mais de 60% após a enchente. Mais de 39,4 mil edificações foram afetadas."
enchente,dataset\enchente\9bf3630d8fd02532d6595f169bf82d7e.jpg,PORTO ALEGRE RS 10 DE MAIO ATÉ 16h
enchente,dataset\enchente\8674d4aeab0ba098a10325c3b477b72c.jpg,Porto alegre rs. Av.severo dullus dia 26/10/2024 as 14:45 O cenarío merece aeronave passando hehe  Devolta a vida no aero porto salgado filho .fico fechado por 5 meses pós a enchente de maio.. Ta com 40% das areas portuarias funcionando
enchente,dataset\enchente\b676d60a79ae8d5cd0281cdc1b3f1c53.jpg,"Enchente de 1941 Entre 10 de abril e 12 de maio de 1941, choveu 619,4 mm Em 35 dias, 22 foram de chuva. Choveu nestes 22 dias, 44,34 % do que chove, em média, por ano, em Porto Alegre. O resultado foi a maior CATÁSTROFE que a cidade viveu. 25 % da população ficou desabrigada. A maioria perdeu tudo que tinha. 600 industriais pararam. Muitos comerciantes perderam tudo que tinham, e declararam falência. A cidade ficou arrasada"
enchente,dataset\enchente\43ad72ae38dc6d82daeec9cf22e80a62.jpg,"Ruas de pelo menos cinco bairros de Porto Alegre alagaram durante a chuva que começou a atingir Porto Alegre na quarta-feira (1º). São eles: Centro Histórico, Cidade Baixa, Bom Fim, Floresta e 4º Distrito. A situação impacta o transporte público e o fornecimento de energia elétrica nesta quinta-feira (2). De acordo com o Centro Nacional de Monitoramento e Alertas de Desastres Naturais, choveu 88 milímetros nas últimas 24 horas: a média de janeiro é de 144 milímetros, ou seja, em um dia, choveu mais da metade do previsto para todo o mês. Segundo o Dmae, a falta de luz prejudica as estações de drenagem urbana Ebap 2 (4º Distrito) e Ebap 17 (Centro Histórico). Leia baixando o App gratuito do Jornal O Sul ou acesse o site www.osul.com.br (Link na bio) Sintonize na Rádio Pampa em 97,5 FM para acompanhar essa e outras notícias. #jornalOsul #RádioPampa #Notícias #PortoAlegre #RuasAlagadas"
enchente,dataset\enchente\657173004da28f3fb663376287d69251.jpg,Seguimos
enchente,dataset\enchente\94f4ab7066953c50a4a000341b992e87.jpg,"𝗦𝗲𝗿𝘃𝗽𝗿𝗲𝗳 𝗮𝘁𝘂𝗮𝗹𝗶𝘇𝗮 𝗶𝗻𝗳𝗼𝗿𝗺𝗮𝗰̧𝗼̃𝗲𝘀 𝘀𝗼𝗯𝗿𝗲 𝗮 𝗨𝗻𝗶𝗱𝗮𝗱𝗲 𝗣𝗢𝗔  Com a baixa dos níveis de água do Rio Guaíba, nesta semana a Servpref iniciou a limpeza e reconstrução da unidade de Porto Alegre. A unidade, assim como grande parte da Capital do Estado, foi fortemente atingida na maior enchente do Rio Grande do Sul, em maio de 2024. A equipe de Porto Alegre está engajada para que a unidade retome seu funcionamento o mais breve possível, entretanto, ainda não há energia elétrica e não é possível o acesso com automóveis, devido a grande quantidade de água que ainda há nas ruas.  A previsão é de que no início de junho os atendimentos retornem a sua normalidade, após fiscalização de segurança em toda a estrutura e reposição de móveis e eletrodomésticos. #servpref #unidade #portoalegre #informativo #enchente2024 #reconstrução #unidadepoa #casadeapoio #hotelsaúde"
enchente,dataset\enchente\2eb832fe75c8bc68fc3ed7481e8db67a.jpg,"""Porto Alegre é demais""....cidade de papel."
enchente,dataset\enchente\bc564e648dfe9f63d9a6c05e4b2566ca.jpg,"Rua General Câmara quase esquina Andradas, Enchente de 1941. Fotógrafo Desconhecido . Foto original nos comentários. Em maio de 1941, em plena Segunda Guerra Mundial, todo o estado do Rio Grande do Sul foi castigado por uma enchente sem precedentes. As chuvas iniciaram em abril e se estenderam por mais de três semanas, deixando 25 mil quilômetros quadrados do Estado submersos e um contigente de 80 mil flagelados somente na Capital. Dezenas de cidades ficaram isoladas, faltaram alimentos, energia e água potável e praticamente todos os meios de transporte terrestre pararam. O auge da cheia, a ""quinta-feira negra"", aconteceu a 8 de maio, quando o nível do Guaíba passou dos 4,70 metros no cais do porto de Porto Alegre. Os jornais - Correio do Povo, Diário de Notícias, Folha da Tarde e mais uma meia dúzia de publicações menores - tiveram suas oficinas inundadas e deixaram de circular. Se andava de barco pelo centro da cidade e a avenida Farrapos transformou-se em uma pista aquática. Bancos, repartições públicas, comércio, indústria, serviços - quase tudo (pelo menos na parte inundada) deixou de funcionar e milhares de pessoas de uma cidade que contava menos de 300 mil habitantes permaneceu ilhada em suas casas ou acolhida em abrigos públicos. Os rios continuaram a subir depois que a chuva parou. Os ventos impediam que as águas corressem para a Lagoa dos Patos. Os dias eram de solidariedade, humildade e simplicidade. Ninguém se importava em sair pelas ruas e andar nos bondes com roupas encharcadas, mal-arrumados. Os ladrões também deram uma trégua. Não foram registrados saques, roubos, assaltos, mortes. Quem morava nas partes mais altas da cidade, acolhia parentes, amigos e desconhecidos. Dividia não só a casa, mas a comida, difícil de encontrar por aqueles dias. Os clubes náuticos se encarregavam de andar pelas Ilhas, recolhendo os flagelados. As Igrejas, clubes, cinemas, como as escolas, recebiam os desabrigados. Os prejuízos causados pela enchente de 1941 foram calculados em 50 milhões de dólares. Após esta data, o Arroio Dilúvio foi canalizado, o Muro da Mauá foi construído e um sistema de drenagem foi instalado, para evitar a repetição do problema. Desde então, a cidade não teve mais enchentes de tais proporções. Fonte: https://bit.ly/2n1MIVw https://bit.ly/2O0bdxZ https://bit.ly/2qUM5ln . . . . . . #portoalegrehistorica #poa #portoalegreoficial #portoalegre #portoalegrepictures #riograndedosul #igrspoa #igersrs #igerspoa #igers #portoalegre #coresdamemoria #capitalgaucha #portoalegreédemais #poars #portoalegreedemais"
enchente,dataset\enchente\945fe0e3b841e57336f308fd73baf65e.jpg,"Ir ao Gasômetro estava nos nossos planos de comemoração desses 18 anos, né filho?!  Bom... a vida pede pra que sejamos calmos e solidários agora e isso tu já sabes ser. Quanta coisa a gente já viveu juntos nesses 18 anos, quantas coisas a gente já aprendeu e quantas já reinventou... No dia 10 de maio de 2006 tu me acordou pelas 5h da manhã, dando os primeiros sinais de que queria chegar nesse mundo e por volta das 7h 30min a gente já conhecia teu rostinho. Chegou cheio da pressa, mas ao mesmo tempo tranquilão! Nasceu rapidinho, numa manhã bastante chuvosa e no hospital do Centro de Porto Alegre. Há 18 anos atrás rolava água nas ruas no clarear da manhã de maio, mas não teve enchente. FELIZ ANIVERSÁRIO MEU FILHO, continua sendo essa pessoinha super gente boa... que quer salvar os animais e que se importa com a vida e o bem estar das pessoas. PARABÉNS e não esquece ""Te amarei se janeiro a janeiro até o mundo acabar!"" Temos mais essa história para registrar no livro das ""Coisas que superamos juntos""."
enchente,dataset\enchente\cb393ac50a95e24c64ed496e79abaa13.jpg,"[150 anos de fé] Parte 1. * Milhares de fiéis participaram da procissão de Nossa Senhora dos Navegantes. * Dia da Rainha das Águas, Iemanjá. Dia 2 de fevereiro, feriado em Porto Alegre, a missa em homenagem a Nossa Senhora dos Navegantes começou ás 7h e a peregrinação iniciou ás 8h, com a saída da imagem pelas ruas do centro e de Porto Alegre, com destino a igreja de mesmo nome da santa. O tema deste ano foi: ""150 anos, caminhando com Maria, Mãe da Esperança"". Por falar em esperança, este ano foi especial: a superação da enchente do ano passado (de 2024). Alagamentos em torno da igreja, em janeiro, e uma enchente em maio atingiu a Igreja Nossa Senhora dos Navegantes em 2024. Eram esperadas menos pessoas, até por causa da pós tragédia, mas todo mundo foi surpreendido. Teve um público numeroso participante: tiveram mais pessoas no evento neste ano, não se via um número assim a bastante tempo, me surpreendeu. Não foi a primeira vez que a Igreja do mesmo nome da santa sofreu com os elementos, em 2015 um princípio de incêndio atingiu os vitrais e a parte externa. Possivelmente a causa tenha sido o fogo de uma ou de mais velas. Pinto (Alexandre Pinto). Postado aqui em: 03/02/2025 , 11h39."
enchente,dataset\enchente\449558ee0fb13274dfa83375874f9a40.jpg,"Força-tarefa da limpeza pós-enchente chega em mais de 10 bairros nesta segunda-feira. Cerca de 1.040 garis estão atuando nos bairros mais afetados pela cheia do Guaíba A força-tarefa do Departamento Municipal de Limpeza Urbana (DMLU) está presente em 14 locais nesta segunda-feira, 24. Desde o início dos trabalhos nos pontos de resgate, em 6 de maio, até a noite de domingo, 23, foram removidas 79.885 toneladas de resíduos das ruas, incluindo restos de móveis estragados, lodo acumulado e lixo de varrição. Cerca de 1.040 garis estão atuando nos bairros mais afetados pela cheia do Guaíba. Esses trabalhadores são auxiliados por 477 equipamentos, entre caminhões e retroescavadeiras, além de uma equipe de motoristas, operadores de máquinas, fiscais e apontadores, totalizando um efetivo de cerca de 1,5 mil pessoas na força-tarefa de limpeza. As atividades são coordenadas pela Secretaria Municipal de Serviços Urbanos (SMSUrb). Bota-espera são áreas próximas das regiões inundadas onde o DMLU descarrega os materiais recolhidos. Posteriormente, esses resíduos são direcionados para o aterro de inertes em Gravataí. Moradores e empresas podem descartar resíduos pós-enchente em alguns dos pontos bota-espera abaixo: Terreno no Sarandi (próximo da Avenida Severo Dullius) – Rua Sérgio Jungblut Dieterich, 1201 – Sarandi, das 8h às 22h. Terreno no Humaitá – Rua Voluntários da Pátria, S/N, Acesso 4, das 8h às 18h. Terreno na Serraria – Avenida da Serraria, 2517, das 8h às 18h. Coleta de Entulhos O cronograma de serviço pode ser alterado devido a questões climáticas, fluxo de trânsito, volume de resíduos nas vias e acessibilidade. As equipes estão trabalhando em três turnos, das 8h às 23h, e podem iniciar a programação em determinados locais até mesmo à noite. A coleta de entulhos, raspagem de lodo acumulado e lixo de varrição ocorrem em 14 locais nesta segunda-feira: Centro Histórico Cidade Baixa Menino Deus São Geraldo Vila Asa Branca (Sarandi) Humaitá Vila Farrapos (Humaitá) Vila Elizabeth (Sarandi) Navegantes Vila dos Sargentos (Serraria) Vila Nossa Senhora das Graças (Cristal) Ipanema Avenida Guaíba (Ipanema) Avenida Guaíba (Assunção) Fonte: Poa24horas.com.br"
enchente,dataset\enchente\d55690d6da5e7af965445e28087f2418.jpg,"PRESTAÇÃO DE CONTAS DO MANDATO - Meses de fevereiro e Março  Sigo minha proposta de prestar contas do meu mandato e reafirmo meu compromisso com General Câmara expondo os atos dos meses de fevereiro e março juntos, pois tivemos recesso.  Reunião com Secretário de Meio Ambiente, solicitando a regularização de área para descarte de resíduos de podas, obras e demais objetos. O Secretário já providenciou a regularização da área com sua equipe. O local poderá ser utilizado em breve pela população.  Participei ativamente do Carnaval 2025 com o bloco Unidos do 9 de Março.  Reunião com o Prefeito Marcinho, o Vice Thiago e o estaleiro BM Araújo, onde a empresa apresentou seus planos de expansão do estaleiro.  Cobramos o chamamento dos concursados, onde mais de 10 novos servidores foram chamados.  Reunião com investidores em Porto Alegre apresentando os pontenciais de General Câmara.  Cobramos da Corsan o conserto dos buracos deixados após as manutenções que a empresa arruma. No mesmo sentido cobramos do executivo que notificasse a empresa sobe pena de multa para o devido conserto.  Solicitei que o executivo notificasse a RGE para o recolhimento das podas de galhos que atingem a rede elétrica, haja vista ser de responsabilidade da empresa.  Reunião com o Secretário Estadual de transportes, Juvir Costela, onde todos Vereadores e Executivo solicitaram melhorias nas RS 401, 130 e 244. O Daer já começou a fazer algumas manutenções.  Solicitamos o cumprimento do termo de cessão às pessoas atingidas pela enchente e que ganharam casas do Arsenal. Os locais atingidos solicitei que fosse decretado como área de risco para fins de moradia.  Indicação de Maria Clara Reichel e Gladis Moreira Barreto para serem condecoradas no mês da mulher.  Solicitei providências para o imediato conserto das Ruas Buarque de Macedo e Conte de Porto Alegre que estão em péssimas condições de tráfego. Aguardamos o executivo que está com suas máquinas no interior do município.  Solicitei manifestação do Exército sobre a forma de atuação da patrulha dos imóveis do Arsenal."
enchente,dataset\enchente\185d836e288231c94faed319e513cc1b.jpg,"10/22/2024. 22/10/2024 City; Pôrto Alegre State; Rio Grande do Sul Brasil ( Brazil) Hello! Song; Right to Live. Direito de Viver Singers; Several Singers ( Vários cantores) Chitãozinho and Xororó. Gratidão..... Aqui onde estou, na Orla da minha Cidade, do Rio Guaiba, em maio deste ano, a situação era de enchente, e tb de solidariedade pelo caos das chuvas naquele momento. Que aquele espírito de amizade, possa ser sempre, uma constante nos corações de todos, que se renovem todas as boas energias pra o ano de 2025. Two mounths for the New Year.... Abç Olá! Gratitude..... There where I am on the banks of my City, the Gusiba Rivee, in may of this year, the situation was one of flooding and also of silidarity for the chaos of the rains, in the Rio Grande do Sul, at that time. May that spirit of friendship always be a constant in everyone's hearts, may all the good energies.  Dois meses pra o Ano Novo.... Hug"
enchente,dataset\enchente\726a9314d5e311b5441ac8901702f5fc.jpg,"A Maratona Internacional de Porto Alegre vai contribuir com o Asilo Padre Cacique - @asilopcacique   Como todos sabem, parte do valor das inscrições da edição do ano passado seria destinada para a ajuda de atingidos pelas enchentes de maio de 2024. Por isso, resolvemos contribuir com o projeto da Reforma da Fachada do Asilo Padre Cacique, de Porto Alegre.   Os recursos servirão para custear a recuperação e reparo do piso da fachada do Asilo Padre Cacique, que foi danificado pela enchente. A reforma vai restaurar a segurança, a funcionalidade e a estética do local, garantindo que o acesso ao asilo seja seguro e durável.  Estamos juntos, @asilopcacique  40ª MARATONA INTERNACIONAL DE PORTO ALEGRE     7 e 8 de junho de 2025⠀  42,195 km   21,097 km   Desafio   Rústica 10 km   Rústica 5 km   Maratoninha  Garanta sua vaga  maratonadeportoalegre.com.br #maratonainternacionaldeportoalegre #maratonapoa #maratona #42km #corridaderua"
enchente,dataset\enchente\edab7b432eab7351344e4727483309ca.jpg,"Reunião da Comissão de Moradores do Parque da Matriz realizada no dia 06/03/2025. Deliberações: 1) Organizar um encontro com os moradores afetados pela enchente de Maio em outros bairros para planejar um panelaço em frente à Prefeitura, sugerindo o dia 28 de março, caso o Prefeito Cristian não apresente os estudos/projetos que previnam novas enchentes. Também será importante dialogar com os vizinhos. 2) Na próxima sessão da Câmara de Vereadores de Cachoeirinha, a Comissão realizará um protesto silencioso com cartazes e faixas, exigindo que os 10 milhões gastos na ampliação de cargos sejam redirecionados para estudos e projetos de prevenção contra enchentes. 3) Será promovida uma campanha de conscientização sobre o descarte adequado do lixo. 4) Palestras serão realizadas no mês de Maio em memória do primeiro ano após as enchentes que impactaram profundamente nossas vidas."
enchente,dataset\enchente\461a210c56ebff26e9567bc50a84fe7b.jpg,"RETROSPECTIVA 2024  1- fiz 59 anos, dia 27/01, e comecei a viver meus 60, com mais intensidade ainda 2- conheci uma mulher incrível, que está me levando a realizar o sonho de morar na praia e topa todas as minhas loucuras… e eu as dela. 3- apresentei o quadro semanal Menopausa Sem Vergonha na RDCTV - Porto Alegre, levando muita informação de qualidade 4- fiz palestras sobre saúde da mulher, climatério e menopausa, para empresas e comunidades em todos os cantos do estado. 5- participei de PodCasts incríveis para falar sobre envelheSER com qualidade: “POD Falar de Saude”; Podcast “Fala Feminina”; “Podcast Afrodite”; 6- palestrei no Evento Portas Abertas do Grupo Mulheres do Brasil POA, falando sobre etarismo 7- recebi o Prêmio Mulher Cidadã de Porto Alegre, na Câmara Municipal 8- facilitei vivências de Yoga Dance, auxiliando no autoconhecimento de muitas mulheres 9- após a enchente (maio a julho/24) fui Uber, onde ampliei minha pesquisa sobre climatério e menopausa. Escutei histórias incríveis. Foi um período bem difícil…  10- em outubro - REALIZEI A PRIMEIRA SEMANA MUNICIPAL DO CLIMATÉRIO E DA MENOPAUSA - EVENTO PIONEIRO NO BRASIL de 16 à 23 - envolvendo mais de 20 profissionais da área da saúde da mulher. 12- isso tudo foi possível graças ao apoio incondicional das minhas filhas, Rê e Nati, do meu irmão gêmeo, Leandro e das minhas irmãs e cunhado, Carmen, Dada e Mana e Beto. Amo vocês. E da equipe: Leticia, Janine e Rosecler. 13- realizei debates sobre políticas públicas para o climatério e a menopausa na Câmara de vereadores de Porto Alegre e na Assembleia Legislativa. 14- depois de 6 anos, voltei a praticar o esporte que amo - o REMO. Felicidade que não cabe 15- lancei o Movimento Menopausa Sem Vergonha Itinerante que, em 2025, vai estar por aí levando informação e acolhimento.  Queres nos receber? Entra em contato. Deixo aqui um pouco do muito que foi feito este ano. E principalmente, não descuidei de mim, da minha essência, do meu bem estar físico e emocional  Para 2025 te desejo Saúde, Paz e Muito Amor!! Que todos os seres sejam livres e felizes  Seguimos no Amor"
enchente,dataset\enchente\3b9390923b6bbd463c65590016c63344.jpg,"2024 hein @ep_midias, pegamos a senha do ADM ,mas é da família então bora lá !! . Estes 3 seres humanos que tem erros e também muitos acertos foram espetaculares este ano , desafios fortes para manter uma empresa hein !!! . A enchente de maio quase termino com um sonho de todos  que fizeram de tudo para isso não  acontecer,e hoje virar uma referência em estúdio de podcast da Região Metropolitana . . Termina 2024 com mais de 80 clientes e com 10 contratos novos fechados para 2025 já !!! . Parabéns a toda equipe @ep_midias, mais os donos dela estão de parabéns por esforço,luta e garra.Choraram, e voltaram a sorrir para que toda sua equipe fosse guerreira. . Parabéns por 2024 @ep_midias !!!! . Vocês são demais !!!! . Assinado: Um familiar"
enchente,dataset\enchente\428e41699559610c007eca662e749e5d.jpg,"Pague já o seu IPTU, tenha até 15% de desconto e colabore para reconstrução de Canoas.… Ver más"
enchente,dataset\enchente\c5f3074bb0d0d77681ca8535fff945da.jpg,"83 anos depois da enchente de 1941: tudo se repete. Olha que curioso, no dia 02 de maio de 1941 as águas começaram a subir de forma ameaçadora e em 8 de maio alcançaram 4,76 metros. Hoje, 05 de maio de 2024 as águas alcançam assustadora marca de 5,29 metros em Porto Alegre. Moramos no centro histórico e o cenário é de guerra, calamidade absoluta.  O caos instalado. O piso borbulha sem ter boeiro O sentimento nas ruas é impressionante. Essas fotos e vídeos foram de ontem, hoje está pior. Neste domingo fez sol. Amanhã fará sol. Quarta chove. A vida é perecível demais. O que o ser humano fez com a natureza é o caos que estamos vivendo. Triste demais. Não deixar os animais para trás! Sigamos com fé de que nos reegueremos. Se cuidem!"
enchente,dataset\enchente\24e84810ab814261870034e24374e3b9.jpg,"Cenas do Centro Histórico de Porto Alegre em 19 de maio de 2024. Guaíba em 4m40cm no Cais Mauá, no 18° dia acima da cota de enchente, que é de 3m.  Água baixou quase um metro do pico da enchente. Em muitas ruas, sem água agora, as marcas da cheia. #portoalegre #enchente"
enchente,dataset\enchente\a61c940159c78820cc15940f6b29570e.jpg,"Na manhã desta quinta-feira (10), foi inaugurada a nova ponte sobre o Rio Forqueta, no km 75 da ERS-130, que liga os municípios de Lajeado e Arroio do Meio, no Vale do Taquari. A obra substitui a estrutura anterior que foi destruída com a enchente de maio de 2024. O investimento total na obra foi de R$ 22 milhões, provenientes da arrecadação de pedágios da Empresa Gaúcha de Rodovias, responsável pela gestão da concessão. O contrato principal foi orçado em R$ 14,05 milhões, enquanto o contrato complementar, relacionado à execução dos aterros de acesso à ponte, somou R$ 8,32 milhões. Com 172 metros de extensão e 10,7 metros de largura, a nova ponte possui duas faixas de tráfego, passagem para pedestres e ciclistas, e foi construída 5 metros mais alta que a antiga, com um vão livre de 2,10 metros para mitigar os impactos de futuras enchentes. Leia baixando o App gratuito do Jornal O Sul ou acesse o site www.osul.com.br (Link na bio) Sintonize na Rádio Pampa em 97,5 FM para acompanhar essa e outras notícias. #jornalosul #rádiopampa #NovaPonte #EmpresaGaúchadeRodovias#Taquari"
enchente,dataset\enchente\e771c842e4067201b3d144a843e594cc.jpg,Então.  As ruas de um Porto NÃO MUITO Alegre
enchente,dataset\enchente\cc39ac209c5231f239a1669f3a1389fa.jpg,"Informação GZH, pedido do prefeito Melo. O que dizer? Taxistas, Motoristas de ônibus (cobradores, ele está extinguindo), professores, advogados, jornalistas, floristas, pessoal da saúde, garis, população de Porto Alegre, certeza que Alegre não é mais. Retardem seus compromissos. Quem tem que bater ponto, cuidar da saúde e transportar o povo que resiste em morar aqui, entre tantos. Não se arrisquem a sair de casa. Toda chuva é essa angústia e a mesma falácia.  Não se mora mais na capital gaúcha. Nós somos reféns de uma falta de estrutura. Sem Luz, Sem água, sem capina e sem muitas das coisas que crescemos acreditando fazer parte do que se caracteriza como conceitos de dignidade e de cidadania. Cultura, Educação, Saúde, Água, Luz, esgoto, contenção de enchente, muito básico e se paga imposto prá isso. Peço prá oposição (na França apesar de muitas críticas se fez isso).  Se unam todos, independentes de distribuição de cargos (ahh tem isso sim) e rusgas de belezas.  Nunca mais deixem a população refém de uma administração que governa com uma cartilha que nos impede de sair e de voltar prá casa (quem ainda tem casa em POA). Ou ter a vergonha de ouvir em rede nacional, - acho que era melhor vocês irem para praia nesse momento (ao vivo no JN da Globo  com apresentação de Willian Bonner em maio de 2024 durante a calamidade da enchente).  Ir para praia à nado? Porto Alegre ficou sem rota de saída. Tá de brincadeira?  Estadual (tem eleições em 2026), Federal(tem eleições em 2026) e municipal (daqui a 4 anos).  Não rifem candidaturas!!! A população não merece isso!!!"
enchente,dataset\enchente\7d7a2cc2b84a3e451cb6dea01a0e6298.jpg,"Quer saber como ficou o bairro Cidade Baixa com as chuvas do RS? Acompanhe a reportagem de @belomauro  Após a enchente que atingiu o Rio Grande do Sul, o bairro mais boêmio de Porto Alegre, Cidade Baixa, ficou com muitas ruas alagadas. Veja como está a situação nesta segunda-feira, dia 13 de maio de 2024, quando o nível do Guaíba deve passar de 5,5m."
enchente,dataset\enchente\2e283ec51379ff65aa161d9a8e5816e8.jpg,"S.O. S  tragédia no Rio Grande do Sul. Grande enchente. Bairro Matias velho em Canoas é invadido pelas águas da grande cheia . Vivem base de 100 mil pessoas neste bairro. Água continua subindo . Fujam ... Vídeo  Madrugada de 04 de maio de 2024 .  Moradores do bairro Matias Velho fujam da região. Forças Armadas socorram as pessoas do Bairro Matias Velho na cidade de Canoas, é preciso barcos, e logística de resgate, barracas e alimentação. Vídeo Sul do Brasil, cidade de CANOAS. * Ruas citadas no vídeo."
enchente,dataset\enchente\0567da4ffd34dd334a3594ff6ac2701d.jpg,"Se liga aí galera, tem festa da criança legal amanhã no campo de futebol na vila Brasília . Amanhã sábado dia 12/10 a partir das 14h. horas moradores do bairro Sarandi  iniciarão uma festa direcionada a famílias que ainda estão em fase de reconstrução após enchente ocorrida no mês de maio de 2024 . Vamos ter diversas brincadeiras para crianças e familiares, distribuição de brinquedos doces, refrigerante,cachorro quente bolo de chocolate,brindes surpresas  Atração musical violão e voz Choco. Cama elástica, Tatuagem no rosto Algodão doce Pipoca. E muitos outros sorteios legais, venha participar traz teus filhos. Venham participar dessa festa linda. Organizada por Luiz, eletricista e equipe de apoio e moradores locais. Todos se ajudam esse  é nosso bairro Sarandi."
enchente,dataset\enchente\1972b2d727827dc71a28287cfa8a4758.jpg,"PORTO ALEGRE, UMA ZONA DE GUERRA  A MetSul Meteorologia conta a história do dia 4 de maio de 2024 em Porto Alegre com depoimentos e imagens do que testemunhou nas ruas  Por: Metsul Meteorologia  Fogo e fumaça em meio às inundações após explosão em posto de combustível na Avenida Cairu que deixou duas pessoas feridas durante os resgates no Quarto Distrito | CARLOS FABAL/AFP/METSUL METEOROLOGIA  Não havia bombas ou mísseis atingindo as cidades, mas o que se testemunhou neste sábado em Porto Alegre e outras cidades da região metropolitana lembrou cenas de uma zona de guerra, no que muito possivelmente tenha sido o dia mais dramático já vivido pela Grande Porto Alegre. O Guaíba não parou de subir ao longo do dia e pela primeira vez na história ultrapassou a marca de 5 metros. No começo da noite de sábado, de acordo com informações da Defesa Civil do Rio Grande do Sul, o nível era de 5,27 metros.  Praticamente todas as cidades da Grande Porto Alegre estavam convulsionadas com inundações catastróficas, moradores apelando por resgates nos telhados de suas casas, pessoas buscando refúgio em viadutos e outros locais elevados, um ritmo frenético de embarcações realizando resgates e os voos constantes de helicópteros cruzando o céu da capital gaúcha.  Nas ruas e avenidas da cidade, o tráfego de veículos de emergência era constante. A todos momento podiam ser vistas viaturas da EPTC, Brigada Militar, Guarda Municipal e Corpo de Bombeiros. Somavam-se aos esforços integrantes da Polícia Civil e até da Polícia Federal, além de militares do Exército, Marinha e Aeronáutica.  A população está em choque com a magnitude da catástrofe que prossegue e tende a continuar por dias. Por onde se anda, o assunto são as enchentes.  À medida que cresce o tamanho do desastre, cresce a corrente de solidariedade com centenas de iniciativas da sociedade para acolher desabrigados e oferecer ajuda. Clubes sociais e igrejas abriram suas portas para acolher os desabrigados.  Em Porto Alegre, as águas tomaram as partes baixas do Centro Histórico. Ruas, onde em um sábado normal haveria carros e um formigueiro humano de pessoas nas lojas e no Mercado Público, hoje estavam desertas com água por todos os lados.  Repetindo as cenas de 1941, barcos eram vistos navegando na Avenida Borges de Medeiros entre o Paço Municipal e o Mercado. Barcos em plena Avenida Borges de Medeiros | FERNANDO OLIVEIRA  Porto Alegre está cercada pelas águas. A única forma de entrar e sair da cidade é pela zona Leste, na RS-040, que leva ao Litoral Norte. Todos os demais pontos que ligam a cidade ao restante do estado, Brasil e países vizinhos, como a BR-290 e BR-116, estavam fechados devido à enchente. Nem pelo ar é possível chegar ou sair de Porto Alegre pela aviação comercial.  Com as atividades suspensas por tempo indeterminado desde a sexta-feira, o agravamento da enchente acabou por inundar grande parte do perímetro do Aeroporto Internacional Salgado Filho, Imagens aéreas mostravam as águas do Guaíba cobrindo a pista e os gramados ao redor.  Acesso ao Aeroporto completamente alagado | JONATHAS COSTA/CORREIO DO POVO  Inundação do Guaíba atingiu a pista do Aeroporto de Porto Alegre | REPRODUÇÃO  Pátio do Aeroporto Salgado Filho não escapou da enchente | JONATHAS COSTA/CORREIO DO POVO  Com o aumento do nível do Guaíba, o número de áreas inundadas aumentou durante o sábado. Onde o Guaíba já havia chegado na sexta, a inundação tomou proporção ainda maior. Bairros do Sul da capital, Menino Deus, Praia de Belas, Centro Histórico, Quarto Distrito e Sarandi estavam com muitos pontos alados e vários com setores de inundação severa em que era possível transitar apenas usando embarcações.  Guaíba inunda a Avenida São Pedro | ALEXANDRE AGUIAR/METSUL METEOROLOGIA  Avenida Ceará ficou tomada pelo Guaíba da entrada da cidade até a Avenida São Pedro com altura de um metro de água em alguns trechos | GIULAN SERAFIM/PMPA  Júlio de Castilhos inundada pelo Guaíba no Centro | JULIO FERREIRA/PMPA  Áreas entre a Voluntários da Pátria e Júlio de Castilhos passaram a ser ocupadas por barcos em meio à grande enchente do Guaíba | JULIO FERREIRA/PMPA  Guaíba na Avenida Farrapos | CARLOS FABAL/AFP/METSUL METEOROLOGIA  Guaíba tomou o bairro Navegantes | CARLOS FABAL/AFP/METSUL METEOROLOGIA  Gramado da Arena do Grêmio inundado com o Guaíba | REPRODUÇÃO  Souza Reis, que leva ao aeroporto, tomada pelo Guaíba | RICHARD DUCKER  Em diferentes pontos, as cenas pelas ruas da cidade. Bairro inteiros tiveram que ser evacuados com os moradores percorrer as águas por longas distâncias. No Humaitá, o relato dos moradores é que, em determinados pontos da zona Norte, a água do Guaíba chega a atingir a altura do peito de um adulto. Imagens aéreas mostram shopping Praia de Belas ilhado. O colapso da capital levou à evacuação de parte do Hospital Mãe de Deus, cercado pelas águas no bairro Menino Deus. Veículos do Exército resgaram pacientes e funcionários do hospital. Os apelos se sucediam sobre a população somente buscar atendimento em casos de gravidade, uma vez que os serviços de saúde estavam sobrecarregados com feridos e pessoas sofrendo de hipotermia depois de serem resgatadas. Transporte de oxigênio via helicóptero foi feito para os hospitais Vila Nova e Restinga, no Sul. São Lucas e Criança Conceição também demandaram o insumo.  RITMO FRENÉTICO DE RESGATES  Em vários bairros de Porto Alegre, o sábado foi marcado por um ritmo frenético de resgates. A MetSul Meteorologia estava nas ruas para registrar os esforços para salvar vidas e testemunhou na zona Norte momentos dramáticos de famílias inteiras deixando suas casas com água até a cintura e sendo resgatadas com botes, jipes e barcos. Moradores resgatados na Avenida Cairu. Embora a presença de um grande contingente de forças públicas, especialmente de bombeiros e da Brigada Militar, a maioria dos resgates era conduzido por voluntários. Grande número de jipeiros a todo momento iam e voltavam pelas avenidas Cairu e Brasil, trazendo moradores.  No mesmo local, no viaduto José Eduardo Utzig, pessoas não paravam de chegar pela Rua Pereira Franco, completamente inundada. A pé, com meio metro de água, ou com ajuda de barcos, a todo momento famílias inteiras alcançavam o viaduto carregando uma mochila nas costas ou uma mala sobre as cabeças. Moradores da zona Norte caminharam quilômetros em busca de segurança do avanço das águas. Eram moradores de vários bairros da zona Norte que foram tomados pelo Guaíba, como Navegantes, Humaitá, Vila Farrapos e São João que caminharam quilômetros nas águas sujas da enchente até alcançar terra firme. O viaduto de acesso à Terceira Perimetral se transformou em um abrigo a céu aberto. Famílias improvisaram tendas para permanecer em terreno alto. Havia muitas crianças e animais domésticos, trazidos pelos moradores da zona Norte que tiveram de deixar as suas casas.  EXPLOSÃO E FOGO EM MEIO AOS RESGATES  Os resgates ocorriam na Avenida Cairu quando de repente houve uma explosão seguida de incêndio em um posto de combustíveis. Estávamos a poucas dezenas de metros do posto, na Avenida Brasil, filmando e transmitindo pelas nossas redes sociais da MetSul os resgates, quando se ouviu um estouro e uma grande quantidade de fumaça preta começou a se levantar no céu. Os momentos que se seguiram foram de caos e pânico.  Os resgates que ocorriam na Avenida Cairu com aparelhos de jet ski, veículos anfíbios e jipes tiveram que ser interrompidos. Aos gritos, policiais e bombeiros apelavam para os curiosos se afastassem ante o risco de novas explosões. Em um momento dramático, dois homens que estavam no posto foram resgatados com queimaduras pelo corpo. Dois homens feridos no incêndio e com queimaduras pelo corpo são resgatados por policias e voluntários que minutos antes resgatavam as vítimas da enchente. De acordo com o Corpo de Bombeiros, a explosão teria ocorrido em um gerador de energia. O posto estava inundado. Os feridos foram levados para o Hospital de Pronto Socorro e Hospital Cristo Redentor e estavam em estado grave. Conceição relata que a vítima do incêndio levada para o Cristo Redentor está internada na Unidade de terapia intensiva (UTI).  ÁGUAS VENCEM DIQUE NA ZONA NORTE  O Dique do Sarandi, que rompeu em 2013, é um dos pontos mais críticos da cidade. A população das comunidades da Asa Branca, Minuano, Vila Elizabeth e Nova Brasília foram orientadas a deixar suas casas. Apesar do esforço de contenção, a água começou a extravasar sobre o dique, o que fez com que as águas invadissem a Avenida Assis Brasil e agravasse ainda mais a inundação na zona Norte da capital. Moradores atingidos pela enchente na zona Norte de Porto Alegre, na área do Sarandi, estão sendo resgatados com apoio do Exército e do Corpo de Bombeiros.  SEM LUZ E SEM ÁGUA  Vários bairros de Porto Alegre estão sem energia elétrica porque a luz foi cortada por razões de segurança em consequência das inundações. Além disso, grande parte da capital enfrenta falta de água. A prefeitura apelou à população que racione água. Com a elevação no nível do Guaíba a mais de cinco metros, quatro das seis estações de tratamento do Departamento Municipal de Água e Esgotos (Dmae) estão inoperantes.  ABRIGOS EM VÁRIOS PONTOS E SEGURANÇA CONTRA SAQUES  A Prefeitura de Porto Alegre, com auxílio de parceiros, trabalha para abrir novas vagas em abrigos provisórios e atender as pessoas atingidas pela enchente. O número de locais em operação passou de oito, pela manhã, para quinze, no início da noite deste sábado, 4.  A Secretaria Municipal de Segurança disponibilizou barcos à Guarda Municipal para que a corporação retomasse os patrulhamentos preventivos no Centro Histórico. O objetivo é evitar furtos e roubos, em especial aos estabelecimentos comerciais fechados pelo alagamento. A mobilização visa, também, a proteção dos prédios públicos localizados no bairro. As rondas da Guarda Municipal acontecem de forma integrada com as demais forças de segurança, como Brigada Militar e Polícia Civil. Os agentes da corporação atuam, ainda, no resgate aos moradores da área.  #riograndenoticiasatuais  #elderfilhocosta  #news  #jornalismo  #Noticias  #jornal  #chuvas #RS"
enchente,dataset\enchente\81d90c4d86bd7078cf537d6cc0d86a17.jpg,"Águas de Maio.2024 Impossível para mim falar, lamentar, chorar  o que estamos vivendo hoje em Porto Alegre, Rio Grande do Sul, submersos no cataclismo climático das cheias que literalmente nos paralisaram a vida sem lembrar da histórica enchente de 41. E das imagens que povoaram minha infância e juventude. Hoje, mítica e, no futuro, uma demonstração da natureza que nos regra, as imagens da enchente de 41 serão para mim sempre lembradas como o documento imperioso que rege nosso entorno. As águas do Guaíba, nosso mar-lago, bacia da qual nunca deveríamos nos distanciar, desprezar e abandonar.  Minha geração deve ter sido a última a ouvir, em família,  as grandes narrativas dos que viram as águas do Guaíba tomando conta das ruas do centro de Porto Alegre. E das pequenas e grandes tragédias daqueles que tudo perderam e dos rumos determinantes daí advindos para a própria história da cidade. Determinantes e equivocadas, decisões de ocupação urbana totalmente estúpidas e indignas. Histórias tristes que assistimos pelas telas dos celulares. Tragédias impessoais de gente perdendo suas casas, seus pertences, de tudo perdido para as águas lamacentas, dos animais abandonados (e hoje resgatados no heroísmo dos voluntários e socorristas, os novos protagonistas da hecatombe climática). Meu pai repetia a expressão ""abobado da enchente"" com certa indiferença e graça, catarinense que era acostumado às enchentes no Vale do Itajaí, bem longe, numa remota Santa Catarina.  Ecos, memórias, o legado  material de minha própria história como porto-alegrense cristalizados na casa de minha avó na rua Fernando Machado, incólume à destruição das águas no coração do Centro Histórico ao lado, bem perto do rio Guaíba."
enchente,dataset\enchente\692921c28a17488b0a3918823e22db71.jpg,"O Governo do RS entregou nesta quinta (10) a nova ponte sobre o Rio Forqueta, no km 75 da ERS-130. A estrutura substitui a ponte destruída pela enchente de maio de 2024 e foi concluída em sete meses, ligando novamente Lajeado e Arroio do Meio.  A nova ponte tem 172 metros de extensão — 51 a mais que a anterior — e 10,7 metros de largura. Conta com duas pistas, passagem para pedestres e ciclistas, e está 5 metros mais alta, com maior vão livre, reduzindo riscos em futuras enchentes.  Construída pela Engedal Construtora, a obra usou 234 toneladas de aço e mais de 2.200 m³ de concreto. O tráfego de veículos leves já estava liberado desde março, e agora a ponte está oficialmente em pleno funcionamento.  Durante a entrega, o governador Eduardo Leite destacou a ponte como símbolo de reconstrução e resiliência diante da tragédia de 2024. Saiba mais acessando a notícia no site, sem paywall"
enchente,dataset\enchente\7722682fd8b78f51500fae25eecbac04.jpg,"A vida é feita de ciclos que se encerram e novos que se abrem, após 10 meses da enchente que vivenciamos aqui em Porto Alegre, no bairro Menino Deus, cujas águas levaram nossas histórias vividas até o início de maio/2024,  venho  com alegria compartilhar com você o meu novo espaço profissional na rua Antenor Lemos 127/02.  Caso sinta que é momento de rever sua vida, suas relações e propósito de vida, estou aqui disponível para ouvir e auxiliar na transição que está vivendo. Sempre é tempo para harmonizar a mente, o coração e as atitudes. Conte comigo, quer seja presencial ou on-line. WhatsApp (51)99988,9551"
enchente,dataset\enchente\7217c49904e4b870a0fe365e6dadbd09.jpg,"Em 2025, A sua Mercê se encaminha para os seus 10 anos de vida...  Foram anos marcados por desafios como a pandemia, a mudança forçada de endereço e a enchente de maio de 2024, mas também por conquistas como sermos reconhecidas pelo Guia Destemperados em 2019 entre as 20 melhores padarias de Porto Alegre.  Somos gratas, de coração, a todos os clientes e amigos que fizemos e fizeram tudo isso valer a pena, que têm nos dado a honra de servi-los ao longo desse tempo. Vocês são nossa maior inspiração e a razão de cada fornada cheia de amor.  Agora, queremos seguir novos caminhos e sonhos, mas com a certeza de que essa história pode continuar ou uma nova pode ser contada aqui neste espaço que fizemos com tanto carinho. Se você deseja continuar esse legado ou quer começar um sonho novo em folha  , entre em contato pelo link da bio  ."
